Price,Bedroom,Bathroom,Pool_View,Villa,Amazing_Pool,Golfing,Surfing,Tropical,Guest_House,Ocean_View,Beachfront,View,Residential,Jungle_View,Amazing_View,Island_Life,Rice_Paddy_View,Style
129.0,2.0,2.0,1,1,1,0,1,1,0,0,0,1,0,0,0,1,0,0
161.0,3.0,3.0,1,1,1,0,1,1,0,0,0,1,0,0,0,1,0,0
202.0,4.0,4.0,1,1,1,0,0,1,0,0,0,1,0,1,1,0,0,0
357.5,3.0,4.0,0,1,0,0,0,0,0,0,1,0,0,0,0,0,0,0
84.0,2.0,2.0,1,1,1,1,0,0,0,0,0,1,0,0,0,0,0,0
118.0,2.0,2.5,1,1,0,0,0,0,0,0,0,1,0,0,0,0,0,0
165.0,2.0,2.0,1,1,0,0,0,0,0,0,0,1,0,0,0,0,0,0
167.0,3.0,3.5,0,1,1,1,1,1,0,0,0,0,0,0,0,0,0,0
100.0,2.0,2.0,0,1,0,0,0,0,0,0,0,0,0,0,0,0,0,0
108.0,2.0,2.0,0,1,0,0,0,0,1,0,0,0,0,0,0,0,0,0
34.0,1.0,1.0,0,0,0,0,0,0,1,0,0,0,0,0,0,0,0,0
202.0,2.0,2.0,0,1,0,0,0,0,0,0,0,0,0,0,0,0,0,0
91.0,2.0,2.0,0,1,0,0,0,0,0,0,0,0,0,0,0,0,0,0
89.0,2.0,2.0,0,1,0,0,0,0,0,0,0,0,0,0,0,0,0,0
73.0,2.0,2.0,0,1,0,0,0,0,0,0,0,0,0,0,0,0,0,0
28.0,1.0,1.0,0,0,0,0,0,0,1,1,0,1,0,0,0,0,0,0
18.0,1.0,1.0,0,0,0,0,0,0,1,1,0,1,0,0,0,0,0,0
18.0,1.0,1.0,0,0,0,0,0,0,1,1,0,1,0,0,0,0,0,0
30.0,1.0,1.0,0,0,0,0,0,0,1,1,0,1,0,0,0,0,0,0
165.0,1.0,1.0,0,1,0,0,0,0,0,0,0,0,0,0,0,0,0,0
172.0,2.0,2.0,0,1,0,0,0,0,0,0,0,0,0,0,0,0,0,0
215.0,2.0,2.0,0,1,0,0,0,0,0,0,0,0,0,0,0,0,0,0
80.0,3.0,3.5,0,1,0,0,0,0,0,0,0,0,0,0,0,0,0,0
144.0,2.0,2.0,0,1,0,0,0,0,0,0,0,1,1,1,0,0,0,0
73.33,2.0,2.0,0,1,0,0,0,0,0,0,0,1,0,0,0,0,1,0
66.67,2.0,2.0,0,0,0,0,0,0,0,0,0,1,0,0,0,0,0,0
73.33,2.0,2.5,0,1,0,0,0,0,0,0,0,0,1,0,0,0,0,0
58.33,3.0,3.0,0,1,0,0,0,0,0,0,0,0,0,0,0,0,0,0
106.67,3.0,3.0,0,1,0,0,0,0,0,0,0,1,0,0,0,0,0,0
25.06,1.0,1.0,0,0,0,0,0,0,1,0,0,0,0,0,0,0,0,0
117.83,3.0,2.5,0,1,0,0,0,0,0,0,0,0,0,0,0,0,0,0
106.84,4.0,3.0,0,1,0,0,0,0,0,0,0,0,0,0,0,0,0,0
49.45,1.0,1.0,0,0,0,0,0,0,1,0,0,0,0,0,0,0,0,0
24.0,1.0,1.0,0,0,0,0,0,0,1,0,0,0,1,0,0,0,0,0
41.0,1.0,1.0,0,0,0,0,0,0,1,0,1,0,1,0,0,0,0,0
19.0,1.0,1.0,0,0,0,0,0,0,1,0,0,0,1,0,0,0,0,0
30.67,1.0,1.0,0,0,0,0,0,0,1,0,0,0,0,0,0,0,0,0
36.33,1.0,1.0,0,0,0,0,0,0,1,0,0,0,0,0,0,0,0,0
26.33,1.0,1.0,0,0,0,0,0,0,1,0,0,0,0,0,0,0,0,0
186.33,4.0,3.0,0,1,0,0,0,0,0,0,1,0,1,0,0,0,0,0
100.0,4.0,3.0,0,1,0,0,0,0,0,0,0,0,1,0,0,0,0,1
153.33,3.0,3.0,0,1,0,0,0,0,0,0,0,0,0,0,0,0,0,0
59.33,2.0,2.0,0,1,0,0,0,0,0,0,0,0,1,0,0,0,0,0
85.67,3.0,3.0,0,1,0,0,0,0,0,0,0,0,1,0,0,0,0,0
26.33,1.0,1.0,0,0,0,0,0,0,1,0,0,0,0,0,0,0,0,0
26.33,1.0,1.0,0,1,0,0,0,0,0,0,0,0,0,0,0,0,0,0
111.67,5.0,5.0,0,1,0,0,0,0,0,0,0,0,0,0,0,0,0,0
164.33,4.0,4.0,0,1,0,0,0,0,0,0,0,0,0,0,0,0,0,0
29.67,1.0,1.0,0,1,0,0,0,0,0,0,0,1,0,1,0,0,0,0
274.0,4.0,2.0,1,1,1,1,0,1,0,1,0,1,0,0,0,0,0,1
181.0,1.0,2.0,0,0,0,1,0,1,1,0,0,0,0,1,0,0,1,1
374.0,5.0,5.0,0,0,0,1,1,1,1,1,1,0,0,1,1,0,1,0
291.0,3.0,4.0,0,0,1,0,1,0,1,0,1,1,0,1,0,1,0,1
310.0,5.0,4.0,0,1,1,0,0,1,0,1,1,0,0,0,0,0,1,0
294.0,2.0,4.0,0,1,1,1,1,1,1,0,0,0,1,0,0,1,1,1
240.0,5.0,2.0,1,1,0,0,0,0,0,0,0,1,0,1,0,0,0,0
240.0,5.0,1.0,0,0,1,0,0,0,0,0,1,1,0,1,0,1,0,0
325.0,3.0,5.0,0,1,1,0,1,1,0,1,1,1,1,0,1,0,0,0
277.0,4.0,1.0,1,1,0,0,0,1,0,1,1,1,1,1,0,0,0,1
383.0,4.0,5.0,1,1,1,0,1,0,1,1,1,1,0,0,1,1,0,1
317.0,4.0,5.0,1,1,1,1,1,0,1,0,0,0,1,0,0,0,0,0
334.0,5.0,4.0,0,1,1,0,1,0,1,0,0,0,1,1,1,1,0,0
304.0,3.0,5.0,1,0,0,0,1,1,1,1,0,0,0,1,0,0,1,0
296.0,2.0,5.0,1,0,0,1,1,0,0,1,0,1,1,0,0,1,1,0
239.0,1.0,3.0,1,0,1,0,0,0,1,0,0,1,1,1,1,0,1,1
295.0,3.0,3.0,0,0,0,1,1,1,0,1,0,1,1,0,1,1,0,1
312.0,5.0,1.0,0,0,1,1,0,1,1,1,1,1,0,0,1,1,0,1
321.0,5.0,3.0,0,1,1,0,1,1,1,0,1,0,0,1,0,1,0,0
311.0,2.0,4.0,0,1,1,1,1,0,1,1,1,0,1,0,1,1,0,1
263.0,3.0,3.0,0,1,1,1,1,0,0,0,1,0,0,0,0,1,0,1
198.0,1.0,3.0,0,0,1,0,0,0,1,0,0,1,0,1,1,1,1,0
228.0,1.0,2.0,1,1,1,1,0,1,0,0,1,0,0,1,1,1,0,1
303.0,4.0,5.0,1,0,1,0,1,0,0,1,0,1,1,0,0,0,0,0
308.0,5.0,5.0,1,1,1,0,0,0,0,0,0,0,0,0,0,0,0,1
238.0,2.0,4.0,1,0,0,0,0,1,0,0,0,0,0,1,1,1,0,1
230.0,1.0,3.0,0,0,1,1,0,1,0,1,1,0,1,1,1,1,0,0
258.0,3.0,4.0,1,0,0,1,0,0,0,1,0,1,0,1,0,1,0,0
262.0,2.0,3.0,0,1,1,0,1,0,1,1,1,0,0,0,1,1,0,1
239.0,3.0,1.0,0,0,0,1,0,1,1,1,0,1,1,0,0,1,1,0
323.0,4.0,4.0,1,0,0,0,0,0,1,0,1,1,0,0,1,1,1,1
173.0,1.0,2.0,0,0,0,0,0,0,0,1,1,0,1,1,1,0,0,1
318.0,4.0,5.0,0,0,1,1,0,0,0,1,0,0,1,0,1,1,1,0
261.0,2.0,4.0,0,0,1,0,0,1,1,0,1,0,0,0,0,1,1,1
198.0,1.0,4.0,0,0,1,0,0,1,1,0,0,0,1,0,0,1,0,0
362.0,4.0,5.0,0,1,1,0,1,1,0,0,0,0,0,1,1,1,1,1
209.0,1.0,2.0,0,0,1,1,1,1,1,1,0,0,0,1,1,0,0,0
281.0,1.0,5.0,1,0,1,1,0,1,1,0,1,0,1,0,1,0,1,0
262.0,2.0,4.0,1,1,0,0,1,1,0,0,1,0,0,1,0,1,0,1
296.0,3.0,5.0,1,1,1,0,1,1,0,0,0,1,1,0,0,0,0,0
156.0,1.0,1.0,1,0,1,0,0,0,0,0,1,0,1,0,0,1,0,1
282.0,2.0,5.0,1,0,1,1,1,0,0,0,0,0,0,0,1,1,1,0
376.0,5.0,5.0,1,0,0,1,0,1,0,1,1,0,1,0,1,0,1,1
195.0,1.0,2.0,0,0,1,0,0,1,0,1,0,1,1,1,1,0,0,1
242.0,2.0,2.0,0,1,1,1,1,1,1,0,1,0,0,1,1,0,0,0
352.0,3.0,5.0,1,1,1,1,1,0,1,1,1,0,0,0,0,1,0,1
232.0,2.0,2.0,1,0,0,1,1,0,0,1,1,0,1,1,0,1,0,0
321.0,5.0,5.0,0,0,1,0,0,1,0,1,0,0,1,1,0,0,0,0
165.0,1.0,2.0,1,1,0,0,0,0,0,0,0,1,0,1,0,0,0,1
299.0,3.0,5.0,0,0,1,1,1,1,0,0,0,0,0,1,0,0,1,1
242.0,1.0,5.0,0,0,0,0,1,1,1,0,0,1,1,0,0,1,0,0
209.0,2.0,5.0,0,0,1,0,0,1,0,0,0,0,0,1,0,0,0,0
368.0,5.0,5.0,1,0,0,1,1,0,0,1,0,1,0,1,1,0,1,1
226.0,1.0,4.0,1,1,1,0,1,0,0,1,0,0,0,1,1,0,0,0
299.0,5.0,4.0,1,0,0,1,1,0,1,0,0,0,0,0,0,0,0,1
282.0,3.0,1.0,1,1,0,1,1,0,1,0,0,1,1,1,0,1,1,1
286.0,5.0,3.0,0,0,1,0,1,0,0,0,1,0,1,1,0,0,1,0
251.0,2.0,2.0,0,1,0,1,0,1,1,1,0,1,1,1,0,1,0,0
311.0,5.0,3.0,1,1,1,0,0,1,0,0,0,0,1,0,0,0,1,1
219.0,2.0,1.0,0,0,1,0,1,1,1,0,1,1,0,1,1,0,1,0
224.0,3.0,2.0,1,0,0,0,1,0,0,0,1,0,1,0,0,1,1,0
139.0,1.0,3.0,0,0,0,0,0,0,0,1,0,1,0,1,0,0,0,0
334.0,4.0,4.0,1,0,0,1,0,0,0,1,1,1,0,1,1,1,0,1
236.0,2.0,2.0,0,1,1,1,0,0,1,0,0,1,1,1,0,1,0,0
283.0,3.0,4.0,0,1,0,1,0,1,0,1,0,0,1,0,1,0,0,1
272.0,4.0,4.0,0,1,0,0,0,0,0,1,1,0,0,0,1,0,1,0
269.0,3.0,3.0,0,1,1,0,1,0,0,1,1,0,0,0,1,1,1,0
318.0,5.0,1.0,1,0,1,0,0,0,1,1,1,0,0,1,1,1,1,1
347.0,4.0,5.0,1,0,0,0,0,1,1,1,1,0,0,1,0,1,1,1
193.0,2.0,2.0,0,0,0,0,1,1,0,1,1,0,1,0,0,0,0,1
299.0,4.0,3.0,1,1,1,0,1,1,0,0,0,0,1,0,1,0,0,1
269.0,3.0,4.0,0,1,0,0,1,1,0,1,1,0,0,0,1,0,0,0
301.0,5.0,3.0,0,1,0,0,0,0,0,1,1,1,0,1,0,0,1,0
257.0,1.0,4.0,1,0,1,0,0,1,0,1,0,0,1,0,1,1,1,1
318.0,3.0,5.0,1,1,0,1,1,0,0,1,0,0,0,0,0,1,1,1
202.0,2.0,3.0,0,0,0,0,0,0,0,0,0,0,0,1,1,1,1,1
329.0,5.0,4.0,0,0,1,0,1,1,0,1,0,1,0,1,0,0,1,0
310.0,4.0,4.0,1,1,0,1,0,1,1,0,0,0,1,0,1,0,0,1
284.0,3.0,1.0,0,1,1,1,1,1,1,1,1,1,1,0,1,0,0,0
357.0,5.0,5.0,0,0,0,1,0,1,1,0,1,0,0,1,1,0,1,1
218.0,1.0,3.0,1,1,0,0,1,0,0,1,0,0,1,1,0,1,1,0
297.0,4.0,2.0,0,1,0,1,0,1,1,0,0,0,1,0,1,1,1,1
218.0,1.0,3.0,0,0,1,0,0,0,1,1,0,0,1,1,0,1,1,1
240.0,3.0,1.0,0,1,1,1,1,1,0,1,0,0,0,0,0,1,1,1
129.0,1.0,1.0,1,0,0,0,0,1,1,1,0,0,0,0,0,0,0,1
327.0,4.0,3.0,1,1,1,0,0,1,1,0,1,1,1,0,1,0,0,1
217.0,2.0,1.0,1,1,0,1,0,0,1,1,1,0,0,1,1,0,0,1
233.0,4.0,1.0,0,1,0,1,0,0,1,0,1,1,0,1,0,0,0,1
233.0,2.0,2.0,1,1,0,0,0,0,1,1,1,1,1,0,0,0,1,0
211.0,1.0,2.0,0,0,0,1,0,1,1,1,1,0,0,0,0,1,1,1
296.0,3.0,5.0,0,1,1,1,0,0,0,0,0,0,0,1,1,0,1,1
294.0,5.0,1.0,0,1,1,1,1,1,1,0,0,1,1,0,0,1,0,0
337.0,4.0,4.0,0,0,1,0,1,0,1,1,1,0,0,0,1,1,1,1
229.0,5.0,1.0,1,1,1,0,0,0,0,0,0,0,1,0,1,0,0,0
202.0,1.0,3.0,0,1,0,1,0,0,0,1,1,0,0,0,1,1,0,1
348.0,5.0,4.0,0,0,0,1,1,1,1,1,0,1,1,0,0,1,0,1
320.0,4.0,3.0,0,0,1,1,1,0,1,1,1,0,0,1,1,1,1,0
252.0,5.0,1.0,1,1,0,0,0,1,0,0,0,1,0,0,1,0,1,0
248.0,2.0,4.0,1,0,0,1,1,0,1,1,0,1,0,0,0,1,0,0
330.0,5.0,2.0,0,0,1,1,0,0,0,1,1,1,0,1,1,1,1,1
349.0,5.0,4.0,0,0,1,1,0,1,1,1,0,0,1,0,0,1,1,0
375.0,5.0,4.0,1,1,0,0,0,1,1,0,0,1,1,1,1,1,1,0
294.0,4.0,3.0,1,1,0,0,0,0,1,0,0,1,0,1,1,0,1,1
236.0,1.0,1.0,1,1,0,1,1,0,1,1,1,1,0,1,1,1,1,0
249.0,2.0,2.0,1,0,1,0,1,1,1,1,0,0,0,1,1,0,1,1
338.0,5.0,2.0,1,0,1,1,1,0,1,1,1,1,0,0,1,0,1,1
327.0,5.0,2.0,0,1,1,0,1,0,1,1,0,0,1,1,1,1,0,1
279.0,3.0,4.0,0,0,1,1,1,1,0,0,1,0,1,1,0,0,0,0
234.0,3.0,1.0,1,0,1,0,0,1,1,1,0,0,0,1,0,1,1,0
293.0,1.0,5.0,1,0,0,1,0,0,1,1,1,0,1,1,1,0,1,1
216.0,1.0,3.0,0,1,0,1,0,1,0,1,1,1,1,1,0,0,0,0
192.0,1.0,1.0,0,1,1,1,1,0,0,1,1,0,0,0,0,1,1,1
387.0,5.0,4.0,0,0,1,0,1,1,1,1,1,1,1,0,1,1,1,0
297.0,5.0,2.0,0,1,1,0,0,0,1,0,1,1,1,0,0,0,1,1
345.0,5.0,4.0,0,0,1,1,0,0,1,1,1,0,0,1,1,1,0,0
209.0,3.0,1.0,1,1,0,0,0,0,0,0,0,1,1,0,1,1,0,1
144.0,1.0,1.0,1,1,0,0,0,0,0,1,0,1,0,1,0,0,0,0
227.0,1.0,4.0,0,1,0,1,0,1,0,1,0,0,0,0,1,1,0,1
317.0,1.0,5.0,1,0,1,1,1,0,1,1,0,1,0,1,1,0,1,1
271.0,1.0,5.0,1,1,1,0,0,1,0,0,0,1,1,1,1,0,1,0
206.0,1.0,4.0,1,0,0,1,0,1,1,0,1,0,0,0,0,1,0,0
344.0,4.0,5.0,0,1,1,0,1,1,0,1,0,0,0,0,1,0,1,1
298.0,5.0,4.0,0,0,1,0,0,1,0,0,0,1,0,0,0,0,1,1
301.0,2.0,5.0,1,1,1,1,0,1,1,0,0,0,0,0,0,1,1,1
366.0,4.0,3.0,1,0,1,1,1,1,1,1,0,0,1,1,1,1,1,0
254.0,1.0,4.0,1,1,0,0,1,0,0,1,0,1,1,0,0,1,1,1
383.0,5.0,5.0,0,0,1,1,1,0,0,1,1,0,1,0,1,1,1,0
282.0,3.0,3.0,1,1,0,0,0,0,1,1,1,0,0,1,1,0,1,1
191.0,1.0,4.0,1,1,0,0,0,0,0,0,0,1,1,0,1,0,0,0
238.0,3.0,2.0,0,0,0,1,0,0,1,1,1,0,1,1,1,0,0,0
190.0,1.0,1.0,0,1,0,1,1,0,1,1,1,1,0,1,0,0,1,0
392.0,5.0,5.0,0,1,1,0,1,0,1,0,1,0,0,1,1,1,1,1
342.0,5.0,4.0,1,1,0,0,1,1,0,1,0,0,0,1,0,1,1,0
362.0,5.0,5.0,1,0,0,0,1,1,0,0,0,1,1,1,0,1,0,1
212.0,3.0,1.0,0,0,1,0,0,0,0,1,1,0,1,0,0,1,0,1
298.0,1.0,5.0,1,0,1,1,1,0,1,0,1,0,1,1,1,0,0,1
292.0,1.0,4.0,1,1,0,1,1,1,1,1,1,0,0,1,1,1,0,0
216.0,2.0,2.0,0,1,0,1,0,0,1,0,0,1,0,0,1,0,1,1
373.0,4.0,5.0,1,0,1,1,1,1,1,0,0,1,1,1,1,0,0,1
269.0,3.0,3.0,1,1,1,0,0,1,0,0,1,0,0,0,1,1,1,0
260.0,3.0,2.0,1,0,0,0,0,0,1,1,1,0,0,1,1,1,1,0
340.0,3.0,5.0,0,0,1,1,0,1,1,1,1,1,0,1,1,1,0,0
270.0,1.0,2.0,1,1,1,1,1,1,1,0,1,0,0,1,0,1,1,1
223.0,1.0,2.0,1,1,1,1,1,0,1,0,1,0,1,0,0,1,0,1
247.0,4.0,2.0,1,0,0,0,1,0,0,0,1,1,0,0,1,1,0,0
344.0,4.0,5.0,0,1,0,0,0,1,1,1,1,1,1,1,0,0,0,1
389.0,5.0,5.0,0,1,1,0,0,0,0,1,1,0,1,1,1,1,1,1
236.0,2.0,5.0,1,1,0,1,0,0,0,0,0,0,0,0,0,0,0,1
274.0,3.0,5.0,1,0,0,0,1,1,0,0,1,0,0,0,1,1,0,0
280.0,2.0,5.0,0,0,0,1,1,0,1,1,1,1,0,0,0,1,0,1
192.0,2.0,2.0,0,0,0,1,0,0,0,1,0,1,1,0,1,0,0,1
312.0,1.0,5.0,1,1,1,0,0,1,0,1,1,1,0,0,1,1,1,1
301.0,1.0,5.0,1,0,1,0,1,1,1,1,1,1,1,1,0,0,1,0
268.0,3.0,2.0,0,0,1,0,0,1,1,1,0,1,1,1,1,0,1,0
327.0,5.0,3.0,0,0,1,1,0,1,0,0,1,1,1,0,1,1,0,0
272.0,4.0,1.0,1,0,1,1,1,0,0,1,0,0,0,1,1,1,0,1
373.0,5.0,3.0,0,1,1,1,1,1,0,1,1,1,0,1,0,1,1,0
232.0,1.0,3.0,1,1,0,1,0,1,1,0,0,0,1,1,1,0,1,0
168.0,2.0,1.0,1,0,0,0,0,1,1,1,0,0,0,0,1,0,0,0
297.0,5.0,1.0,0,1,1,0,1,1,0,1,1,0,1,0,0,0,1,1
393.0,5.0,5.0,1,1,0,1,1,1,1,1,1,0,1,1,0,0,0,0
285.0,2.0,2.0,0,0,1,1,1,0,0,1,1,1,1,1,1,1,1,1
305.0,4.0,2.0,1,1,0,1,1,0,1,0,1,1,1,1,0,0,1,0
280.0,3.0,3.0,0,0,0,0,1,1,0,1,1,1,1,0,1,0,1,0
300.0,5.0,4.0,0,0,1,0,1,0,0,0,1,0,1,0,0,0,1,0
310.0,3.0,2.0,1,0,0,1,1,0,1,1,1,1,1,1,1,0,1,1
322.0,5.0,1.0,1,0,1,1,0,0,1,0,0,1,1,1,0,1,1,1
194.0,2.0,3.0,0,1,0,0,0,0,0,0,1,0,1,0,0,0,0,1
287.0,5.0,2.0,1,0,0,0,1,0,0,0,1,0,1,1,0,1,1,0
255.0,1.0,5.0,1,1,0,0,1,1,0,0,0,0,0,1,0,1,1,0
241.0,2.0,3.0,1,0,1,0,1,0,0,0,1,0,0,0,1,1,1,1
329.0,4.0,4.0,0,0,1,0,0,1,1,1,1,0,1,1,0,0,1,1
192.0,1.0,1.0,0,0,0,1,1,0,0,1,0,1,1,0,1,1,1,0
251.0,2.0,4.0,0,0,1,1,0,0,0,1,0,0,1,0,0,1,1,1
340.0,5.0,2.0,0,1,1,0,0,1,1,1,1,0,1,1,1,0,1,0
244.0,3.0,2.0,1,1,0,0,0,1,1,1,0,1,0,0,0,1,1,0
320.0,4.0,4.0,0,1,1,0,1,0,1,0,1,1,1,0,1,0,0,0
208.0,2.0,3.0,0,0,1,1,0,0,1,0,1,0,0,0,0,0,0,1
312.0,5.0,2.0,1,1,0,0,0,1,0,1,0,1,0,1,1,0,0,1
285.0,3.0,3.0,0,0,0,1,1,1,1,0,0,0,1,1,1,1,1,0
251.0,4.0,1.0,0,0,0,1,1,1,1,1,0,1,0,1,0,1,0,0
325.0,5.0,4.0,0,1,1,1,0,0,0,1,1,0,0,1,0,0,0,1
292.0,2.0,5.0,1,0,1,0,0,0,1,0,1,0,0,0,1,1,1,1
205.0,1.0,1.0,0,1,0,0,1,1,0,1,1,1,0,1,0,0,1,1
267.0,2.0,3.0,1,1,0,1,1,1,1,0,0,1,1,0,0,1,0,0
281.0,3.0,5.0,1,0,0,0,0,0,1,1,0,1,1,0,0,0,0,1
233.0,3.0,3.0,0,0,1,0,0,1,0,1,0,0,0,1,1,0,0,1
180.0,2.0,1.0,0,1,1,0,0,0,1,0,1,0,1,0,0,0,0,1
221.0,2.0,2.0,1,0,1,0,1,0,0,0,0,1,1,1,1,0,1,0
268.0,4.0,2.0,0,1,0,1,1,0,1,0,1,0,0,1,1,0,1,0
281.0,1.0,4.0,0,1,1,1,0,1,1,0,1,1,0,1,0,1,1,0
284.0,1.0,5.0,0,0,1,0,1,1,1,0,1,1,1,0,0,1,0,1
225.0,3.0,1.0,0,0,1,1,0,0,1,0,0,1,0,0,1,1,1,1
234.0,2.0,2.0,0,1,1,1,0,0,1,0,1,1,0,0,0,1,0,1
262.0,2.0,4.0,0,0,0,1,1,1,1,0,1,0,0,0,0,1,1,0
255.0,3.0,1.0,1,1,1,1,1,1,0,0,0,1,1,0,1,1,0,0
401.0,5.0,5.0,0,1,0,1,1,0,1,1,0,1,1,0,1,0,1,1
223.0,2.0,3.0,0,1,0,0,0,0,0,1,1,0,0,1,0,1,0,1
298.0,3.0,1.0,1,1,0,1,1,1,0,1,1,1,0,1,1,0,1,1
297.0,4.0,1.0,1,1,1,0,0,1,0,1,1,0,1,0,1,1,0,1
392.0,5.0,4.0,0,1,0,1,1,1,0,1,1,1,1,1,1,1,0,0
233.0,2.0,2.0,1,1,0,0,1,0,0,0,1,1,0,0,1,1,1,1
289.0,5.0,2.0,1,0,0,1,1,1,0,1,0,0,0,1,0,1,0,0
220.0,4.0,1.0,0,0,0,0,0,1,0,1,1,1,0,0,1,0,0,0
333.0,2.0,3.0,1,1,1,1,1,1,1,0,1,1,1,1,1,0,1,1
217.0,1.0,4.0,0,0,0,0,0,0,0,0,1,1,0,0,1,1,1,1
246.0,2.0,4.0,1,0,1,0,0,0,1,1,0,0,1,1,0,0,1,0
228.0,3.0,1.0,1,1,1,1,1,1,0,1,0,0,0,0,0,0,1,0
269.0,4.0,1.0,1,0,1,1,0,1,1,0,0,1,1,0,0,0,1,1
338.0,5.0,5.0,0,0,0,0,0,1,1,1,0,0,0,1,1,1,0,0
306.0,3.0,5.0,1,0,0,1,0,1,0,0,1,0,1,1,0,1,0,0
291.0,1.0,5.0,1,1,1,0,1,0,1,1,1,1,0,0,1,0,0,1
215.0,1.0,4.0,0,1,1,0,1,0,0,0,1,0,1,1,0,0,0,0
347.0,4.0,4.0,0,1,1,0,1,1,0,1,0,1,0,1,0,1,1,1
293.0,5.0,2.0,0,0,1,0,0,1,1,0,1,0,1,1,0,0,1,0
343.0,3.0,5.0,0,0,1,1,1,1,1,1,0,1,0,0,1,1,1,0
325.0,5.0,2.0,0,1,1,0,1,0,1,1,0,0,1,1,0,1,1,0
303.0,5.0,1.0,1,0,0,1,1,0,0,1,1,1,1,0,1,0,0,1
324.0,5.0,4.0,1,1,1,0,0,1,0,0,0,0,0,0,1,1,1,0
286.0,5.0,2.0,1,0,0,0,1,1,1,0,0,1,1,0,0,1,0,0
267.0,5.0,4.0,0,0,0,1,0,0,1,0,1,0,0,0,0,0,0,0
309.0,4.0,4.0,1,1,0,0,1,0,1,1,0,1,0,1,1,0,0,0
262.0,3.0,3.0,0,1,0,0,0,0,0,1,1,0,1,0,1,0,1,1
281.0,1.0,4.0,1,1,1,0,0,0,0,0,1,1,1,1,1,1,1,1
213.0,2.0,1.0,1,1,1,1,1,1,0,1,0,0,0,0,1,0,1,0
202.0,3.0,3.0,0,0,0,0,1,0,0,0,0,0,0,0,0,1,0,1
308.0,4.0,4.0,0,1,1,1,0,0,0,0,1,0,0,1,0,1,1,1
158.0,1.0,1.0,1,0,0,0,1,0,0,1,1,0,1,1,0,0,1,0
211.0,1.0,3.0,1,1,0,1,0,0,0,0,1,0,1,0,1,1,0,0
220.0,1.0,4.0,1,1,0,1,0,0,0,0,0,1,1,0,0,0,1,0
265.0,3.0,5.0,0,0,0,1,0,1,0,0,1,1,1,0,0,0,0,0
247.0,5.0,1.0,0,0,0,0,0,1,0,0,1,0,1,0,0,1,1,1
246.0,3.0,2.0,0,0,1,0,1,0,1,1,1,0,0,1,1,0,0,0
295.0,5.0,2.0,1,0,1,0,1,1,0,1,1,0,0,0,0,0,1,0
234.0,5.0,2.0,0,0,0,0,1,0,1,1,1,0,0,0,0,0,0,0
235.0,1.0,4.0,0,1,0,0,1,1,1,0,0,1,1,1,0,0,0,1
256.0,4.0,2.0,0,0,0,0,1,1,0,0,0,1,0,1,1,1,1,0
380.0,4.0,5.0,0,1,1,1,1,1,1,0,1,1,1,0,0,1,0,1
235.0,2.0,5.0,0,0,1,0,1,0,0,1,0,0,1,0,1,0,0,0
233.0,2.0,2.0,0,1,1,0,1,1,1,0,1,0,1,0,0,1,0,1
349.0,4.0,3.0,0,1,0,1,0,1,1,1,1,1,1,1,1,1,1,0
201.0,3.0,1.0,0,1,0,1,0,1,0,1,1,0,1,0,0,0,0,0
288.0,2.0,4.0,0,0,1,0,1,1,0,1,1,0,1,1,0,0,1,1
272.0,1.0,4.0,0,0,1,1,0,0,1,1,0,1,1,1,1,1,1,0
187.0,1.0,2.0,1,0,0,1,0,0,1,0,0,0,0,1,1,1,0,1
282.0,5.0,2.0,1,0,0,0,1,0,0,0,1,0,0,0,1,0,1,1
277.0,4.0,3.0,0,0,0,0,1,0,1,1,0,1,0,1,1,0,1,0
267.0,3.0,5.0,1,1,1,0,0,0,0,1,0,0,0,0,1,0,0,0
310.0,5.0,5.0,0,1,0,0,1,1,0,0,0,0,0,0,0,0,1,0
304.0,5.0,2.0,1,1,1,0,1,1,0,0,0,0,1,1,0,0,1,0
246.0,2.0,3.0,0,0,1,0,1,1,1,0,1,1,0,0,1,0,1,0
256.0,3.0,4.0,1,1,0,1,0,0,0,0,0,0,0,1,0,1,0,1
317.0,3.0,4.0,1,0,1,0,1,0,0,1,1,0,1,1,1,1,0,1
306.0,5.0,1.0,0,1,1,1,0,0,1,1,0,0,1,0,1,1,1,0
197.0,1.0,3.0,0,0,0,0,1,1,0,1,0,0,0,0,0,1,1,1
228.0,1.0,3.0,1,0,0,1,1,1,0,1,1,0,1,0,1,1,0,0
250.0,1.0,5.0,1,0,1,1,1,0,0,1,1,0,0,0,1,0,0,0
289.0,4.0,3.0,1,0,1,0,0,0,1,1,1,1,0,0,0,0,1,1
171.0,2.0,1.0,0,0,0,0,0,1,0,0,1,0,1,0,0,1,1,0
332.0,3.0,4.0,1,1,0,1,1,1,0,1,0,0,0,1,0,1,1,1
268.0,3.0,3.0,0,1,0,0,0,1,1,0,0,1,1,0,1,1,0,1
308.0,5.0,3.0,1,0,1,1,0,1,0,0,1,0,0,1,1,0,0,0
271.0,1.0,4.0,1,1,1,0,0,0,1,1,0,1,0,1,1,1,1,0
203.0,1.0,4.0,0,0,1,0,0,0,1,1,1,0,1,0,0,0,1,0
215.0,1.0,3.0,0,0,0,0,1,1,1,1,0,0,0,1,1,1,0,1
161.0,1.0,1.0,0,0,0,0,1,1,0,0,1,0,1,1,1,1,0,0
251.0,3.0,2.0,1,0,1,1,0,1,1,0,0,0,1,1,0,0,1,0
296.0,4.0,1.0,1,1,1,0,1,0,1,1,0,1,1,1,0,0,1,0
260.0,4.0,3.0,0,1,0,1,0,0,1,0,0,1,0,1,0,0,0,0
243.0,4.0,3.0,0,1,0,1,0,1,0,0,0,0,1,0,0,0,0,1
302.0,3.0,1.0,0,0,1,0,1,1,1,1,0,1,1,1,1,1,1,1
357.0,5.0,5.0,1,1,0,0,1,0,0,1,0,1,0,1,0,0,1,1
368.0,5.0,3.0,0,0,1,1,0,0,1,1,1,1,1,0,1,1,1,1
311.0,5.0,4.0,1,0,0,1,0,0,1,0,0,0,1,0,1,0,1,0
263.0,3.0,3.0,0,0,1,0,1,0,1,0,0,0,1,1,1,0,1,0
178.0,3.0,1.0,0,0,0,1,0,0,0,1,0,1,0,0,0,0,0,1
354.0,4.0,4.0,1,1,0,0,1,1,0,0,0,1,1,0,1,1,1,1
295.0,3.0,4.0,1,1,0,0,0,1,0,1,1,1,1,0,0,1,0,0
333.0,5.0,4.0,1,1,0,0,0,1,1,1,0,0,1,0,0,0,1,0
203.0,2.0,3.0,1,0,0,0,0,0,0,1,1,0,0,0,1,0,0,1
252.0,3.0,3.0,0,1,0,0,0,0,1,1,1,1,0,0,1,0,1,0
254.0,1.0,3.0,1,0,1,1,1,1,0,0,1,1,1,1,1,0,0,0
355.0,5.0,1.0,1,0,1,1,1,0,0,1,1,1,1,1,1,1,1,1
228.0,1.0,3.0,1,1,0,0,0,0,1,1,0,1,1,1,0,1,0,1
317.0,2.0,3.0,1,1,1,1,1,1,1,1,0,1,1,1,0,1,1,0
322.0,4.0,3.0,1,1,1,0,0,0,1,1,1,0,1,0,1,0,1,1
185.0,1.0,3.0,0,1,0,0,1,0,1,0,1,0,0,0,0,1,0,1
369.0,5.0,5.0,0,1,1,0,1,0,1,0,0,1,1,0,1,0,1,1
231.0,2.0,1.0,1,0,1,1,0,0,1,1,0,0,1,0,1,0,1,1
242.0,1.0,4.0,1,0,1,0,1,1,1,0,1,0,1,0,1,0,0,0
249.0,2.0,2.0,0,0,1,1,1,0,1,0,1,1,0,0,1,1,1,0
227.0,3.0,1.0,1,1,1,0,1,0,0,0,0,0,1,0,0,1,0,1
351.0,4.0,5.0,1,1,1,1,1,0,0,1,0,0,1,1,0,1,0,0
328.0,4.0,4.0,1,0,1,1,0,1,0,1,0,1,0,1,1,0,0,1
281.0,3.0,3.0,1,0,1,1,1,0,1,1,1,0,0,0,0,1,0,0
240.0,2.0,2.0,0,1,0,0,0,1,1,0,1,1,1,0,1,1,0,1
315.0,3.0,5.0,1,1,1,0,0,1,0,1,0,1,0,0,1,0,0,1
223.0,3.0,3.0,0,1,1,0,0,0,1,1,0,0,1,0,0,0,0,0
248.0,1.0,4.0,0,0,1,0,1,1,0,1,1,1,1,0,0,1,0,1
180.0,1.0,3.0,1,0,0,0,0,0,0,1,0,0,1,1,1,0,0,0
250.0,3.0,1.0,1,1,0,1,0,0,1,1,0,1,1,0,1,0,0,1
304.0,4.0,3.0,0,1,0,1,1,1,0,1,0,0,0,1,1,1,0,0
287.0,5.0,1.0,1,1,0,0,1,0,0,0,1,1,1,0,1,0,1,0
350.0,5.0,4.0,0,0,1,0,1,1,0,1,1,0,0,1,1,1,0,0
284.0,1.0,5.0,1,1,1,0,1,1,0,1,1,0,1,1,0,0,0,1
369.0,4.0,5.0,1,1,1,1,0,1,0,1,0,0,1,1,1,1,0,0
213.0,1.0,3.0,0,0,1,0,0,1,1,0,1,0,1,0,1,1,0,1
224.0,3.0,3.0,1,0,0,0,0,0,0,1,1,0,0,1,0,1,0,0
372.0,5.0,5.0,0,1,1,1,1,0,0,1,1,0,1,1,0,1,0,0
285.0,3.0,4.0,1,0,1,1,1,0,0,1,0,1,1,0,0,1,0,0
297.0,5.0,2.0,0,1,1,1,0,0,0,0,0,1,0,1,0,1,0,1
377.0,5.0,5.0,0,0,1,1,0,1,0,1,1,0,0,0,1,1,1,1
330.0,5.0,3.0,0,1,0,1,0,1,1,0,0,0,1,1,1,1,1,0
381.0,5.0,5.0,0,1,0,1,1,0,0,0,1,0,1,1,1,1,1,0
335.0,5.0,4.0,0,1,0,1,0,1,1,0,0,1,0,1,1,0,0,0
259.0,4.0,3.0,1,0,1,1,0,0,0,0,1,1,0,0,0,0,0,1
350.0,4.0,5.0,0,0,1,1,1,1,1,0,0,1,1,1,0,0,0,1
276.0,3.0,4.0,1,0,0,0,0,1,1,1,0,1,0,0,0,1,0,1
309.0,3.0,1.0,0,1,1,1,1,0,1,1,0,1,1,1,1,1,1,1
258.0,4.0,3.0,1,1,1,0,1,1,0,0,0,0,0,0,1,0,0,0
219.0,1.0,4.0,0,1,1,0,0,0,1,1,0,0,1,1,0,1,0,0
288.0,2.0,3.0,1,1,1,1,1,1,0,0,1,1,0,1,1,0,0,1
329.0,5.0,3.0,1,1,1,1,0,0,0,0,1,1,0,0,0,0,1,1
230.0,2.0,1.0,0,1,1,1,0,0,1,1,0,1,0,1,1,0,0,1
319.0,4.0,3.0,1,0,0,0,1,1,0,1,1,1,0,1,0,0,1,1
235.0,1.0,2.0,0,1,1,0,0,1,1,0,0,1,1,0,1,1,1,1
254.0,1.0,4.0,1,1,0,1,0,1,0,1,1,0,1,0,0,1,1,0
351.0,5.0,5.0,1,1,1,1,0,0,0,0,1,0,0,1,0,0,1,0
309.0,5.0,1.0,1,1,0,0,1,0,0,1,1,0,1,1,1,1,1,0
255.0,4.0,1.0,0,1,1,0,1,1,1,0,0,0,0,1,1,1,0,0
276.0,1.0,5.0,1,1,1,0,1,1,0,0,0,1,0,1,1,0,0,1
212.0,3.0,3.0,0,0,1,0,0,1,0,0,0,1,0,0,0,1,0,0
173.0,1.0,1.0,1,0,0,1,0,0,1,1,1,0,0,1,1,0,1,0
196.0,1.0,1.0,0,1,1,1,0,0,1,0,1,1,1,1,0,0,0,1
315.0,3.0,3.0,0,0,1,1,0,1,0,1,1,1,1,0,1,1,1,1
278.0,4.0,4.0,1,0,0,1,0,0,0,0,0,0,0,0,1,1,0,1
325.0,3.0,4.0,1,1,1,0,1,1,0,1,1,0,1,0,0,1,0,1
281.0,3.0,4.0,0,0,0,1,1,1,1,0,0,0,0,1,1,1,0,0
301.0,5.0,3.0,0,1,0,1,0,1,0,0,1,0,1,0,0,0,1,0
294.0,2.0,5.0,1,1,1,0,1,1,0,0,1,0,1,0,0,1,0,0
287.0,3.0,4.0,0,0,1,1,1,0,1,0,1,1,0,0,0,1,1,0
269.0,4.0,2.0,0,1,0,0,0,1,1,0,1,0,1,1,0,0,1,0
280.0,2.0,4.0,1,0,1,0,1,1,1,0,0,0,1,1,0,1,0,1
271.0,1.0,4.0,1,1,0,1,0,1,1,0,0,1,1,0,1,1,1,0
314.0,4.0,2.0,1,0,1,0,0,0,1,1,0,1,1,1,1,0,1,1
210.0,1.0,4.0,0,1,0,0,0,0,1,0,0,1,1,0,1,1,0,0
310.0,4.0,4.0,1,0,1,0,1,0,0,1,1,0,1,1,0,0,0,1
230.0,2.0,1.0,0,0,1,1,1,1,1,1,0,0,1,0,0,1,0,1
284.0,4.0,2.0,0,0,1,1,0,1,0,0,1,1,1,1,0,0,0,1
340.0,2.0,3.0,1,1,1,1,0,1,1,1,1,1,1,1,1,0,1,1
352.0,5.0,4.0,1,0,1,1,1,0,0,0,1,1,0,0,0,0,1,1
330.0,4.0,3.0,1,1,1,0,1,0,1,0,0,0,1,1,1,1,1,0
239.0,4.0,2.0,1,0,1,0,0,1,1,1,0,0,1,0,0,0,0,0
321.0,3.0,5.0,0,1,0,0,1,0,0,0,1,0,1,1,0,1,1,1
228.0,2.0,3.0,0,0,1,1,1,0,0,0,1,0,0,0,0,1,1,1
332.0,4.0,5.0,1,0,1,0,1,0,1,0,1,0,1,1,1,0,0,0
360.0,4.0,5.0,0,0,0,1,1,1,1,0,0,1,0,1,0,1,1,1
286.0,5.0,2.0,0,0,1,0,1,0,0,1,0,0,1,0,1,1,1,0
247.0,2.0,1.0,1,0,1,1,1,0,1,1,1,0,0,1,1,1,0,0
314.0,4.0,2.0,1,1,0,1,0,0,0,1,0,1,1,1,1,0,1,1
216.0,1.0,3.0,0,0,1,1,1,0,1,1,0,1,0,0,0,1,0,1
292.0,3.0,4.0,1,1,0,1,0,1,1,0,0,1,0,0,1,1,0,0
257.0,4.0,3.0,1,1,0,1,0,0,0,1,0,1,0,0,0,0,0,0
317.0,3.0,4.0,0,1,1,1,1,1,1,1,1,1,1,0,0,0,0,0
285.0,4.0,2.0,1,1,1,0,1,0,1,0,0,1,1,0,1,0,0,0
307.0,4.0,2.0,1,0,0,1,1,1,1,1,0,1,0,0,1,1,0,1
210.0,1.0,2.0,1,1,1,1,0,0,0,1,0,1,1,1,1,0,0,0
329.0,4.0,5.0,1,1,0,0,0,1,0,0,0,1,1,0,1,0,0,1
266.0,4.0,4.0,1,0,1,0,0,1,0,0,0,0,0,0,0,1,0,0
221.0,3.0,1.0,0,0,1,1,0,0,0,1,0,1,0,0,1,1,1,0
245.0,3.0,2.0,0,0,0,0,0,1,0,0,1,1,1,0,0,1,1,1
340.0,4.0,5.0,1,1,0,0,0,0,1,1,0,1,0,0,0,1,1,1
291.0,3.0,2.0,1,1,1,1,1,0,0,0,1,1,1,0,1,1,0,0
337.0,4.0,5.0,1,1,1,0,0,1,0,0,0,1,1,0,0,1,0,1
187.0,1.0,3.0,0,1,1,0,0,0,0,0,1,1,0,1,0,0,0,1
274.0,3.0,3.0,0,1,1,0,0,1,0,0,1,1,1,1,0,0,0,1
205.0,1.0,2.0,0,1,0,1,1,0,1,0,0,0,1,1,0,0,1,1
277.0,5.0,1.0,1,0,1,1,0,1,1,0,1,0,0,0,1,0,1,0
193.0,1.0,5.0,1,0,1,0,0,0,1,0,0,0,0,1,0,0,0,0
281.0,3.0,3.0,0,0,1,1,0,1,1,1,1,0,0,1,1,0,1,0
239.0,2.0,3.0,1,1,1,0,0,0,0,1,1,0,0,0,1,0,0,1
237.0,1.0,2.0,1,1,0,0,0,0,1,1,1,1,1,1,0,1,1,0
225.0,2.0,1.0,1,1,1,1,0,1,1,0,1,0,0,0,0,0,1,1
254.0,1.0,5.0,0,0,1,0,1,0,0,0,0,1,1,1,1,0,0,1
224.0,1.0,5.0,1,0,0,0,1,0,0,0,0,0,0,1,1,0,1,1
331.0,4.0,4.0,0,1,1,0,1,1,0,1,1,0,0,1,1,0,0,1
301.0,4.0,2.0,1,1,1,1,1,0,0,0,1,1,0,0,1,1,0,0
229.0,1.0,5.0,0,0,0,1,1,0,0,0,1,1,1,0,0,0,0,1
353.0,3.0,4.0,1,1,1,1,1,0,1,0,1,1,1,1,0,0,1,1
258.0,2.0,4.0,1,0,0,1,1,1,0,0,0,0,1,0,0,1,1,1
292.0,2.0,4.0,1,0,0,1,1,0,1,1,1,0,0,1,1,0,0,1
162.0,1.0,1.0,0,0,1,0,0,1,0,0,0,1,1,0,1,0,1,1
298.0,3.0,4.0,1,0,0,0,1,0,0,0,1,0,1,1,1,0,1,1
268.0,2.0,5.0,0,1,0,1,0,1,0,0,0,0,1,1,1,1,0,0
249.0,5.0,4.0,0,0,0,0,0,0,0,1,0,0,0,0,0,0,0,1
250.0,2.0,1.0,1,1,1,1,1,1,1,0,1,1,0,1,0,0,1,0
246.0,4.0,2.0,0,0,1,1,0,1,0,0,0,1,0,0,0,0,1,1
251.0,5.0,2.0,1,0,1,0,0,1,0,0,0,0,0,0,1,0,0,0
291.0,5.0,2.0,0,1,1,0,0,1,0,1,1,0,1,0,0,0,0,1
340.0,5.0,5.0,0,0,1,0,0,0,1,1,1,1,0,1,0,0,0,1
217.0,1.0,5.0,0,1,1,0,1,0,0,1,0,0,0,0,1,0,0,0
246.0,3.0,1.0,1,0,0,1,0,1,1,0,0,0,0,1,1,1,1,1
198.0,2.0,3.0,0,0,0,1,0,0,0,0,0,0,0,1,1,0,1,1
278.0,5.0,2.0,0,0,0,0,1,0,0,1,1,1,0,1,1,0,0,1
300.0,5.0,2.0,1,1,1,0,0,0,1,1,0,0,1,0,0,1,0,1
260.0,3.0,3.0,1,0,1,1,0,0,0,0,1,0,0,1,1,0,0,1
251.0,2.0,1.0,0,0,1,0,1,1,1,1,1,0,0,1,1,1,1,1
348.0,5.0,4.0,1,1,0,0,0,1,0,1,1,0,1,1,0,0,1,1
284.0,4.0,3.0,1,0,1,0,0,1,1,0,0,0,0,1,0,0,1,1
312.0,5.0,2.0,0,0,0,1,1,1,0,1,1,1,0,1,1,0,0,1
235.0,2.0,2.0,0,1,1,0,0,1,1,0,0,1,0,1,0,0,1,1
222.0,2.0,2.0,0,1,0,0,0,1,0,0,0,1,1,0,1,1,0,1
212.0,1.0,2.0,1,0,1,1,1,1,1,0,0,0,1,1,1,0,0,0
245.0,2.0,4.0,0,0,1,0,1,0,0,1,0,0,1,1,1,1,0,0
215.0,1.0,4.0,1,0,1,0,0,1,0,0,1,0,1,1,0,0,0,0
217.0,5.0,1.0,0,0,0,1,0,1,0,0,0,1,0,0,0,0,0,0
201.0,2.0,3.0,0,0,0,0,0,1,0,0,1,1,0,0,0,1,0,1
300.0,2.0,3.0,0,0,1,1,1,0,1,1,0,1,1,1,0,1,1,1
275.0,4.0,3.0,1,1,1,0,0,0,1,0,0,0,0,0,0,1,1,0
302.0,5.0,4.0,1,1,0,0,0,0,0,0,1,0,1,0,0,0,0,1
303.0,2.0,4.0,0,0,0,1,0,1,1,1,1,1,1,0,1,1,1,1
248.0,2.0,2.0,1,0,1,1,0,0,0,0,0,0,1,1,1,1,1,1
217.0,1.0,1.0,1,0,1,1,1,0,1,0,1,0,1,0,1,1,0,1
200.0,2.0,1.0,0,1,0,0,0,0,1,0,0,1,0,0,1,1,1,1
296.0,4.0,3.0,1,0,0,0,0,0,1,1,1,1,0,0,1,1,1,0
292.0,5.0,2.0,0,1,0,1,0,0,1,0,0,0,1,1,1,0,0,1
292.0,3.0,4.0,0,1,0,1,0,1,1,0,0,0,1,1,1,1,0,0
250.0,2.0,3.0,0,0,0,1,1,1,0,0,1,1,1,1,0,0,1,0
346.0,3.0,4.0,1,0,1,1,1,0,1,1,0,1,1,1,0,1,1,1
286.0,1.0,5.0,1,1,1,1,0,1,0,1,0,0,1,1,1,1,0,0
197.0,2.0,2.0,0,1,0,0,0,1,0,0,0,0,0,1,1,1,0,1
210.0,2.0,3.0,0,1,1,1,0,1,0,0,0,0,0,1,0,0,1,0
223.0,3.0,1.0,0,0,1,1,1,0,0,0,0,1,0,1,1,1,1,0
331.0,4.0,5.0,1,0,0,1,1,0,0,1,1,0,0,1,0,1,0,0
223.0,1.0,2.0,0,1,1,1,1,0,1,0,1,0,0,0,1,0,1,1
219.0,2.0,2.0,1,1,1,0,0,0,1,1,0,0,0,0,1,1,0,1
191.0,3.0,1.0,1,0,0,0,0,1,1,0,0,0,1,1,0,0,0,0
250.0,3.0,1.0,0,1,0,1,1,1,0,1,0,1,0,1,1,0,0,1
244.0,3.0,1.0,0,0,1,0,1,1,1,1,1,1,0,1,0,0,1,0
360.0,4.0,4.0,1,0,0,1,1,1,0,0,1,1,1,1,1,0,1,1
227.0,4.0,2.0,0,0,1,0,0,0,0,1,0,1,0,1,0,0,0,0
211.0,1.0,2.0,0,0,1,0,0,0,1,1,1,1,0,1,1,1,1,0
330.0,5.0,4.0,0,1,1,1,1,1,1,0,0,0,0,1,0,0,0,0
294.0,5.0,4.0,0,1,1,0,1,0,0,0,0,0,0,1,0,0,0,1
249.0,3.0,2.0,1,0,0,0,0,1,0,0,1,1,1,0,0,1,1,1
258.0,2.0,4.0,0,0,1,0,0,1,0,1,1,0,0,1,1,0,0,1
311.0,4.0,3.0,1,1,1,0,0,1,1,0,0,0,1,0,0,1,1,1
314.0,2.0,3.0,1,1,0,1,1,1,1,1,1,0,0,1,1,1,1,1
281.0,5.0,1.0,1,1,0,0,0,1,1,0,0,0,1,1,1,0,1,0
316.0,4.0,5.0,0,0,0,0,1,0,1,0,0,1,1,1,1,0,0,1
328.0,4.0,4.0,1,1,1,1,0,1,1,0,0,1,0,0,0,1,0,1
284.0,4.0,3.0,0,0,1,0,0,0,0,1,1,0,0,1,0,1,1,1
191.0,1.0,1.0,0,0,1,1,1,0,0,1,0,1,1,0,0,1,1,0
311.0,4.0,3.0,1,0,0,1,0,1,0,0,0,0,1,1,1,1,1,1
220.0,2.0,5.0,0,0,0,0,1,0,0,1,0,1,0,0,0,0,0,0
282.0,4.0,4.0,0,0,0,1,1,1,1,0,0,0,1,0,0,1,0,0
298.0,2.0,5.0,0,1,1,1,1,0,0,0,1,1,1,0,1,0,1,0
213.0,4.0,1.0,0,0,0,0,0,0,0,0,1,1,1,1,0,1,0,0
283.0,3.0,5.0,0,0,1,0,0,0,0,0,0,1,1,1,0,1,1,0
277.0,1.0,4.0,1,0,0,1,1,0,0,1,1,0,1,1,1,1,1,0
281.0,4.0,1.0,1,1,1,1,1,1,1,0,0,0,1,0,1,0,0,0
318.0,4.0,3.0,1,1,0,0,0,1,1,0,0,1,1,1,1,1,0,0
296.0,3.0,5.0,1,1,0,1,1,1,0,0,0,0,0,0,0,0,1,1
294.0,1.0,4.0,1,1,1,1,0,0,1,1,0,1,1,0,1,1,0,1
271.0,5.0,1.0,0,1,0,1,1,1,0,0,1,0,1,0,0,0,0,1
338.0,3.0,5.0,0,0,1,1,1,1,0,1,0,1,0,1,1,1,0,1
372.0,5.0,5.0,0,0,1,1,1,1,0,1,0,0,1,1,0,1,0,1
282.0,2.0,2.0,1,0,1,0,1,0,1,1,1,1,1,1,0,0,1,1
307.0,3.0,5.0,1,1,0,1,0,0,0,1,0,0,0,1,1,0,1,0
327.0,4.0,4.0,1,1,0,1,0,0,1,0,1,0,0,1,0,0,1,1
238.0,3.0,3.0,0,1,0,1,0,1,1,0,1,0,0,0,1,0,0,0
345.0,5.0,3.0,1,0,0,1,1,0,1,1,0,1,1,1,1,0,0,0
247.0,2.0,4.0,1,0,1,1,0,0,0,0,0,0,1,0,0,1,1,1
225.0,1.0,5.0,0,1,0,1,0,0,1,0,0,1,0,1,0,0,0,0
210.0,1.0,5.0,0,0,0,1,1,0,0,1,1,0,0,0,0,0,0,1
276.0,3.0,3.0,0,1,0,0,0,1,0,1,0,0,0,1,1,1,1,1
285.0,2.0,3.0,0,1,1,1,0,1,1,1,0,1,0,1,1,0,0,1
243.0,2.0,3.0,1,1,1,1,0,0,1,1,0,1,0,0,0,0,0,1
299.0,5.0,3.0,1,1,0,0,0,0,0,1,0,1,1,1,0,0,0,1
292.0,3.0,4.0,0,1,1,1,1,1,0,0,0,0,0,1,0,1,0,1
280.0,3.0,2.0,1,0,0,0,1,1,1,1,0,1,1,0,1,0,1,1
199.0,1.0,3.0,0,1,0,1,0,0,0,0,0,1,1,0,0,0,1,1
255.0,2.0,3.0,0,0,1,0,1,0,1,0,1,0,1,1,0,1,1,0
395.0,5.0,5.0,0,0,1,1,1,0,1,1,1,1,1,1,0,1,0,0
264.0,5.0,2.0,1,0,0,0,0,0,0,1,1,0,1,0,0,1,0,0
331.0,4.0,3.0,0,1,1,1,0,1,1,0,0,1,1,0,0,1,1,1
392.0,5.0,5.0,1,0,0,0,1,1,1,1,0,1,1,0,1,1,0,1
281.0,2.0,5.0,1,0,1,0,1,0,0,0,0,0,1,0,1,1,1,0
332.0,5.0,3.0,1,1,0,0,0,1,1,0,1,1,0,0,1,1,0,1
174.0,1.0,4.0,0,0,0,0,1,0,0,0,1,0,0,1,1,0,0,0
280.0,4.0,4.0,0,0,0,0,1,1,1,0,1,0,0,1,0,1,0,0
216.0,2.0,1.0,1,0,0,0,0,0,1,1,1,0,1,1,0,1,1,0
177.0,1.0,1.0,0,0,0,1,0,0,0,0,1,1,1,1,0,1,0,1
296.0,2.0,4.0,1,1,0,1,0,0,1,0,1,1,0,1,1,0,1,1
199.0,1.0,4.0,0,0,0,1,1,0,0,0,0,1,0,0,1,1,0,0
264.0,5.0,2.0,0,1,0,1,0,1,0,0,1,0,0,0,0,0,0,1
324.0,5.0,5.0,1,0,1,1,0,1,0,0,0,0,0,0,0,1,0,1
274.0,2.0,2.0,0,1,1,0,1,1,1,0,1,1,0,1,0,1,1,1
369.0,3.0,5.0,1,0,1,1,1,1,1,0,1,1,0,1,1,1,1,0
237.0,3.0,1.0,0,1,1,0,1,0,0,0,1,0,0,1,1,0,1,1
247.0,4.0,1.0,0,1,0,1,1,1,0,0,1,0,1,0,0,0,0,1
223.0,4.0,1.0,0,0,0,0,1,0,0,1,1,0,1,1,0,1,0,0
183.0,1.0,1.0,0,0,1,1,1,0,0,0,0,1,1,1,1,1,0,0
267.0,3.0,3.0,1,0,1,0,0,0,1,1,0,1,0,0,1,0,1,1
298.0,5.0,1.0,0,1,1,1,0,1,0,1,0,0,1,1,1,1,0,0
293.0,3.0,3.0,0,0,1,0,0,1,0,0,1,1,1,1,1,1,1,0
269.0,2.0,1.0,1,1,0,1,1,1,0,1,1,1,1,1,1,1,0,0
258.0,1.0,1.0,0,1,1,1,1,1,1,1,1,1,1,1,1,0,1,0
257.0,3.0,4.0,1,0,1,0,0,0,0,1,0,0,0,1,1,0,0,1
324.0,5.0,5.0,0,0,1,1,1,1,0,0,0,0,0,0,1,0,0,1
191.0,1.0,1.0,1,0,1,1,1,0,0,1,1,0,0,1,0,1,0,0
253.0,4.0,2.0,1,0,0,1,0,0,1,1,0,1,0,1,0,0,0,0
247.0,1.0,3.0,0,0,1,1,0,1,0,0,0,1,0,1,1,1,1,1
383.0,5.0,5.0,0,0,1,0,0,1,0,1,0,1,1,1,1,1,1,0
337.0,5.0,1.0,1,1,1,1,1,0,1,1,0,1,1,1,0,1,0,0
337.0,2.0,4.0,1,1,1,1,1,0,1,0,1,0,0,1,1,1,1,1
204.0,1.0,4.0,0,0,0,1,0,0,0,0,0,1,1,0,1,1,0,1
273.0,2.0,5.0,0,0,0,0,1,1,0,1,0,0,0,1,1,0,1,1
236.0,2.0,5.0,1,0,1,0,0,0,0,0,0,1,0,1,0,0,0,1
232.0,3.0,1.0,1,1,1,0,1,1,0,1,1,0,0,1,0,0,0,0
368.0,5.0,5.0,0,1,1,0,0,1,1,1,1,0,0,0,1,1,1,0
317.0,3.0,5.0,1,0,0,1,1,1,0,1,0,0,0,1,0,0,1,1
238.0,3.0,1.0,1,0,0,1,1,1,0,0,1,1,1,0,1,0,0,0
288.0,1.0,5.0,1,1,1,0,0,1,1,1,0,1,0,1,1,1,0,0
228.0,1.0,5.0,0,0,0,1,1,1,0,0,1,0,1,0,0,1,0,0
305.0,4.0,3.0,1,0,0,1,0,0,0,0,1,0,1,1,1,1,0,1
284.0,4.0,4.0,1,0,0,0,1,0,0,1,1,1,0,1,0,0,0,0
319.0,5.0,3.0,1,1,0,0,0,1,0,1,1,0,0,1,0,0,1,1
197.0,2.0,2.0,0,0,0,1,0,0,1,0,1,1,0,0,1,0,0,1
171.0,2.0,1.0,0,1,0,0,0,0,1,0,1,0,1,0,0,1,1,0
264.0,2.0,2.0,0,0,0,1,1,0,1,1,1,1,1,1,0,1,1,0
346.0,5.0,5.0,1,0,0,1,0,0,1,0,0,1,1,0,1,1,0,0
315.0,5.0,3.0,0,0,1,1,1,0,0,1,1,0,0,1,0,0,0,1
316.0,4.0,2.0,0,0,0,0,1,1,1,0,1,1,1,1,1,0,1,1
257.0,2.0,3.0,0,1,1,1,0,0,1,1,1,1,0,0,0,0,0,1
322.0,5.0,4.0,0,0,1,1,0,1,0,1,0,1,0,0,1,0,0,1
383.0,5.0,5.0,1,1,0,1,1,0,0,0,1,1,1,1,0,0,1,0
317.0,2.0,5.0,1,0,0,1,1,1,1,1,0,0,1,1,0,1,0,1
383.0,5.0,5.0,0,1,0,1,0,1,1,1,1,0,1,0,1,0,1,1
217.0,2.0,1.0,1,1,1,1,0,0,0,0,1,0,1,0,1,1,1,0
233.0,2.0,3.0,0,0,1,1,1,1,0,0,0,0,1,1,0,0,1,0
252.0,2.0,5.0,0,0,0,1,1,0,0,1,1,0,0,0,1,0,0,1
377.0,5.0,5.0,1,0,1,0,1,0,0,1,1,0,0,1,0,1,1,1
348.0,5.0,4.0,0,0,0,1,1,1,1,0,0,1,0,1,1,0,1,1
262.0,1.0,3.0,0,1,1,0,0,1,1,1,1,1,1,1,1,1,0,0
264.0,4.0,3.0,1,0,0,0,1,0,0,0,0,1,0,1,0,1,0,1
315.0,4.0,3.0,1,1,0,0,1,0,1,0,1,1,1,0,1,0,1,0
269.0,4.0,2.0,0,0,1,0,0,0,0,0,1,1,1,0,0,1,1,1
213.0,1.0,3.0,1,0,1,0,1,1,0,1,0,1,0,0,0,0,1,1
397.0,5.0,5.0,1,1,0,1,1,1,1,0,0,1,0,0,1,0,1,1
384.0,5.0,5.0,1,1,1,0,0,1,0,0,0,1,0,0,1,1,1,1
173.0,1.0,1.0,1,0,0,1,1,0,0,0,1,1,1,1,0,0,0,0
347.0,4.0,5.0,0,0,1,1,0,1,0,0,0,1,1,1,1,0,1,0
243.0,1.0,1.0,0,0,1,0,1,1,0,1,1,1,1,1,1,1,1,1
215.0,1.0,3.0,1,0,1,0,0,1,1,1,0,1,0,0,0,0,0,1
277.0,4.0,1.0,1,1,0,0,0,1,1,1,1,1,0,0,1,0,0,1
300.0,2.0,3.0,0,1,1,1,0,1,0,0,1,1,1,0,1,1,1,1
362.0,5.0,5.0,1,0,0,1,1,0,0,1,1,1,1,0,0,0,0,1
248.0,1.0,4.0,0,1,0,1,0,1,1,0,0,1,1,1,0,0,1,0
334.0,2.0,5.0,0,1,1,1,0,1,1,1,1,0,1,0,1,1,1,0
276.0,4.0,3.0,0,1,1,1,1,0,1,0,0,0,0,1,0,1,0,0
217.0,3.0,3.0,1,0,1,0,0,0,0,1,0,1,0,0,0,0,0,0
274.0,3.0,4.0,0,0,1,1,0,0,1,0,0,1,0,0,1,1,1,0
279.0,3.0,5.0,0,1,0,1,0,0,0,0,0,1,0,1,1,0,1,0
233.0,2.0,2.0,1,1,0,1,0,0,0,0,0,0,1,1,1,1,1,0
276.0,3.0,2.0,1,0,1,1,0,0,1,1,1,1,1,0,0,1,1,0
247.0,5.0,1.0,1,0,1,0,0,1,1,0,0,1,0,0,0,0,0,0
297.0,5.0,3.0,0,0,1,1,0,0,0,1,0,0,0,1,0,0,1,1
226.0,1.0,3.0,0,1,0,1,0,1,1,1,0,1,1,0,0,1,0,0
301.0,3.0,1.0,0,1,0,0,1,1,1,1,1,1,1,1,1,1,0,1
265.0,3.0,1.0,1,0,1,0,1,1,0,1,0,0,1,1,1,1,1,0
264.0,3.0,3.0,1,1,0,1,0,0,0,1,0,1,0,0,1,1,0,1
281.0,1.0,4.0,1,1,1,0,0,1,0,0,0,1,1,1,0,1,1,1
265.0,2.0,5.0,1,1,0,0,0,0,0,0,0,1,1,0,1,0,0,1
266.0,4.0,4.0,1,0,1,0,0,0,1,0,0,0,0,0,0,0,1,0
277.0,3.0,3.0,1,0,0,0,0,1,0,1,0,0,1,1,0,1,1,1
261.0,5.0,1.0,0,0,0,0,0,0,1,0,0,1,1,1,1,1,0,1
375.0,3.0,4.0,1,0,1,1,1,1,1,1,1,0,1,0,1,1,1,1
295.0,4.0,1.0,1,1,1,1,0,0,1,0,1,1,1,0,0,1,1,1
261.0,5.0,1.0,0,0,0,1,1,0,0,0,1,0,1,1,0,0,0,1
257.0,2.0,2.0,0,0,1,1,1,1,1,1,0,1,1,1,0,1,0,0
256.0,2.0,1.0,1,1,0,1,0,0,1,0,1,1,1,0,1,1,1,1
216.0,3.0,1.0,1,0,0,1,0,0,0,1,1,0,1,1,0,0,1,0
182.0,1.0,1.0,0,0,1,0,0,1,1,0,1,0,1,0,0,1,1,1
340.0,4.0,4.0,0,1,1,0,1,0,1,1,1,0,1,0,1,0,0,1
194.0,2.0,2.0,1,0,0,0,0,0,1,1,0,0,1,0,1,0,1,0
327.0,5.0,2.0,1,0,0,1,0,1,1,1,0,1,0,1,0,0,1,1
204.0,1.0,3.0,0,0,1,0,0,1,0,1,1,0,0,0,1,1,0,1
218.0,2.0,2.0,0,1,1,0,0,1,1,1,0,0,1,0,0,1,1,0
257.0,3.0,4.0,0,1,1,1,0,0,0,0,0,0,1,0,0,0,1,0
263.0,3.0,3.0,0,1,0,1,1,1,1,0,0,1,0,0,1,0,0,1
293.0,3.0,5.0,0,0,0,1,1,0,0,1,1,1,0,1,1,0,0,0
367.0,3.0,5.0,0,1,0,1,0,0,1,1,0,1,1,1,1,1,1,1
254.0,4.0,1.0,1,0,0,1,1,0,0,0,0,1,0,1,1,0,1,1
304.0,3.0,5.0,0,1,0,0,1,1,0,0,0,1,0,1,0,1,1,1
275.0,3.0,1.0,1,1,1,1,1,1,1,1,0,0,1,1,0,1,0,0
381.0,5.0,5.0,0,0,1,0,1,1,1,1,0,1,1,0,1,0,1,0
366.0,4.0,4.0,0,1,0,0,0,1,0,1,1,1,1,1,1,1,1,1
276.0,2.0,4.0,1,0,0,1,0,0,1,1,1,0,1,1,0,1,0,0
196.0,3.0,1.0,0,0,0,1,0,0,1,0,0,0,1,0,1,1,1,0
203.0,2.0,3.0,0,0,0,0,0,1,1,0,1,0,1,1,0,0,0,0
319.0,4.0,3.0,1,1,1,1,1,1,1,0,1,0,1,1,0,0,0,0
175.0,1.0,3.0,0,0,0,0,0,0,1,0,1,1,0,1,0,1,0,0
359.0,4.0,5.0,0,0,1,1,1,0,0,1,1,1,0,0,1,1,0,1
183.0,3.0,2.0,1,0,1,1,0,0,0,0,1,0,0,0,0,0,0,0
211.0,2.0,1.0,1,1,0,0,0,1,0,1,0,1,1,0,0,0,1,1
198.0,3.0,2.0,0,1,0,1,0,0,0,0,1,0,0,0,1,0,1,0
286.0,1.0,5.0,1,1,1,0,1,0,1,0,1,0,1,0,0,1,0,1
324.0,5.0,5.0,0,1,0,0,0,1,1,0,0,1,0,1,0,0,1,0
228.0,3.0,1.0,1,1,0,0,1,1,0,0,1,0,0,0,1,1,0,1
287.0,4.0,4.0,0,0,0,1,0,1,0,0,1,0,0,1,0,1,1,0
226.0,1.0,2.0,1,1,1,0,1,1,1,0,0,1,0,1,0,0,1,0
159.0,1.0,2.0,0,0,0,0,0,0,1,1,1,0,0,1,1,0,0,0
347.0,5.0,3.0,0,1,1,0,1,0,0,1,1,1,1,1,0,0,1,0
322.0,4.0,3.0,0,1,1,1,1,0,1,1,1,0,1,0,0,0,1,0
209.0,3.0,2.0,1,0,0,0,0,1,0,0,1,0,1,0,0,0,1,0
285.0,3.0,4.0,1,1,0,0,0,1,1,0,1,1,1,0,0,0,0,1
350.0,3.0,5.0,1,0,0,1,1,1,1,0,0,1,0,1,1,0,1,1
352.0,4.0,3.0,0,1,1,1,0,1,0,1,1,0,1,0,1,1,1,1
267.0,3.0,3.0,0,0,0,1,1,0,0,0,0,0,1,1,0,1,1,1
154.0,1.0,1.0,0,0,1,0,0,1,0,0,1,1,0,1,0,1,0,0
331.0,5.0,3.0,1,0,0,1,1,0,1,1,1,0,1,0,0,1,1,0
260.0,3.0,2.0,1,1,0,0,0,1,0,1,0,0,0,1,0,1,1,1
311.0,4.0,5.0,1,0,0,1,1,0,0,0,1,0,0,0,1,0,0,1
293.0,4.0,4.0,1,0,0,0,0,1,1,0,1,0,0,0,1,1,0,0
310.0,4.0,4.0,1,0,0,0,1,0,1,0,1,0,0,1,1,1,0,0
221.0,3.0,2.0,0,1,1,0,0,0,0,1,0,0,0,0,1,1,1,0
261.0,2.0,4.0,0,0,1,1,0,0,1,0,0,0,1,1,0,1,1,1
327.0,5.0,5.0,1,0,0,0,1,0,0,1,1,0,0,0,0,1,1,0
256.0,2.0,3.0,1,0,0,1,0,0,0,1,1,0,1,1,1,1,0,1
295.0,5.0,1.0,1,0,1,0,1,0,0,0,1,0,1,1,1,0,1,1
294.0,1.0,5.0,1,0,1,1,1,0,1,0,1,1,1,1,0,0,1,0
313.0,5.0,2.0,1,1,1,0,1,0,1,0,1,0,0,0,1,1,1,0
219.0,4.0,1.0,1,0,0,1,0,0,1,0,1,0,0,0,0,0,0,1
278.0,3.0,5.0,0,1,1,1,1,0,0,0,0,0,1,1,0,0,0,0
290.0,3.0,5.0,0,1,0,1,1,1,0,1,0,0,0,1,0,0,0,1
240.0,4.0,1.0,0,1,1,0,0,1,1,0,0,0,1,1,0,1,0,0
333.0,5.0,3.0,0,1,1,1,1,0,1,1,1,0,0,0,1,0,0,1
326.0,4.0,4.0,1,1,0,0,1,1,1,0,0,0,1,0,1,0,0,1
245.0,4.0,2.0,0,1,0,1,1,0,1,0,0,0,1,1,0,0,0,0
370.0,5.0,4.0,1,0,1,0,0,1,1,0,1,1,1,1,1,0,0,1
260.0,3.0,2.0,0,1,0,0,1,1,0,1,1,0,0,1,1,0,1,0
172.0,2.0,1.0,0,1,0,0,0,0,0,0,0,1,1,0,1,1,0,1
200.0,4.0,1.0,1,0,0,0,0,1,0,0,0,0,0,1,0,0,0,1
228.0,3.0,2.0,1,1,1,1,1,0,0,0,1,0,0,0,0,0,1,0
294.0,4.0,1.0,1,1,0,1,0,0,1,0,1,1,0,1,0,1,1,1
149.0,2.0,1.0,0,0,0,0,0,0,0,0,0,0,1,0,1,0,1,1
241.0,2.0,4.0,0,0,1,0,0,0,1,1,0,1,1,0,0,0,0,1
139.0,2.0,1.0,0,1,1,0,0,1,0,0,0,0,0,0,1,0,0,0
294.0,1.0,5.0,1,1,1,0,0,1,1,1,1,1,0,1,0,0,1,0
265.0,2.0,5.0,0,1,0,0,0,1,1,0,1,1,0,0,0,0,0,1
329.0,3.0,4.0,1,0,1,0,1,1,1,1,0,1,0,1,1,0,1,0
164.0,1.0,2.0,1,0,0,0,0,1,0,1,1,0,0,0,0,1,0,0
315.0,5.0,2.0,0,0,0,1,0,1,1,1,1,0,1,1,0,1,0,1
155.0,1.0,2.0,0,1,0,1,0,0,0,0,1,0,1,0,0,1,0,0
291.0,3.0,5.0,0,1,0,0,1,1,0,0,0,0,0,1,1,1,0,1
256.0,1.0,4.0,0,1,1,0,0,1,0,0,0,1,1,1,0,1,1,1
341.0,5.0,2.0,1,1,1,0,0,1,1,0,0,1,1,0,1,1,1,1
285.0,3.0,4.0,0,1,0,0,0,1,0,1,0,0,1,1,0,0,1,1
246.0,3.0,1.0,0,1,1,1,1,1,0,1,0,1,1,0,0,0,0,1
292.0,2.0,5.0,1,0,0,1,0,1,0,1,1,0,1,1,0,0,1,0
287.0,2.0,4.0,1,0,1,1,0,1,1,1,0,0,1,0,0,1,0,1
322.0,5.0,2.0,0,1,1,0,1,0,0,1,0,1,1,0,1,1,1,0
408.0,5.0,5.0,0,1,1,1,0,1,1,0,1,1,0,1,0,1,1,1
283.0,3.0,1.0,0,0,1,1,1,1,0,1,1,1,1,1,1,1,0,0
280.0,4.0,4.0,0,0,1,1,1,0,1,1,0,0,0,1,0,0,0,0
210.0,1.0,3.0,1,0,1,0,1,0,1,0,0,0,0,0,1,0,1,1
214.0,2.0,1.0,1,0,0,1,0,1,1,0,1,0,1,1,1,0,1,0
309.0,2.0,5.0,0,1,1,1,1,1,0,1,1,0,1,0,1,0,1,0
254.0,1.0,5.0,1,1,1,0,1,1,0,1,0,1,0,0,0,0,1,0
240.0,2.0,5.0,1,0,0,0,0,1,0,0,0,0,0,1,0,1,0,1
222.0,3.0,2.0,0,0,1,0,1,1,0,0,0,0,0,0,0,1,1,1
335.0,5.0,4.0,0,1,1,1,0,1,1,1,0,0,1,1,0,0,0,0
193.0,3.0,1.0,1,1,0,0,0,0,1,1,1,0,0,0,0,0,0,0
293.0,4.0,2.0,1,0,1,1,0,1,0,0,1,1,0,1,0,0,1,1
357.0,5.0,5.0,1,0,1,0,1,0,1,1,0,0,1,0,1,0,0,1
276.0,3.0,2.0,1,1,0,0,1,0,0,0,1,1,1,0,1,1,1,0
328.0,4.0,5.0,0,1,0,1,1,0,1,0,0,0,1,0,0,1,0,1
369.0,5.0,2.0,1,1,1,1,1,1,1,1,1,1,1,0,1,1,0,0
301.0,3.0,4.0,1,1,1,0,1,1,0,0,1,0,1,0,1,0,0,1
242.0,1.0,5.0,0,1,1,0,1,0,1,0,0,1,0,0,0,1,0,1
284.0,4.0,2.0,0,0,1,0,1,1,1,1,1,0,1,0,0,0,1,1
255.0,1.0,5.0,1,1,1,1,1,1,0,0,1,1,0,0,0,0,0,0
284.0,3.0,4.0,0,1,0,1,0,1,1,1,0,0,0,1,0,0,1,1
161.0,2.0,1.0,0,0,0,0,1,0,0,0,0,1,0,0,1,1,0,1
347.0,5.0,3.0,0,1,1,1,1,0,0,1,1,0,0,1,0,0,1,1
326.0,3.0,5.0,1,0,1,0,1,1,1,1,1,1,0,0,1,0,0,0
217.0,4.0,2.0,0,0,0,0,0,0,0,1,0,1,0,1,1,0,0,0
294.0,3.0,4.0,1,1,0,1,1,0,0,0,1,0,0,1,0,1,0,1
309.0,5.0,2.0,0,1,1,0,1,0,1,1,0,1,0,0,1,0,1,1
256.0,4.0,2.0,1,0,1,0,1,1,0,0,0,0,0,1,1,0,1,0
334.0,4.0,3.0,1,1,0,1,1,1,0,1,0,0,1,1,1,1,1,0
207.0,1.0,1.0,1,1,1,1,0,0,0,0,1,1,1,0,1,1,1,0
202.0,3.0,1.0,0,1,1,1,0,1,0,0,1,0,0,0,0,0,0,1
248.0,3.0,2.0,1,0,1,0,0,1,0,0,1,1,0,1,0,1,1,0
417.0,4.0,5.0,1,1,1,1,1,0,1,1,0,0,1,1,1,1,1,1
293.0,3.0,5.0,1,0,0,1,0,1,0,0,1,0,0,0,1,1,1,0
264.0,3.0,3.0,1,0,0,1,1,0,0,1,1,0,0,1,0,1,0,1
257.0,2.0,2.0,1,1,0,1,1,0,0,1,0,1,0,1,1,1,1,0
246.0,3.0,2.0,0,1,1,0,1,0,0,1,1,1,0,0,0,0,1,0
402.0,5.0,5.0,1,0,0,1,1,0,0,1,1,1,1,1,1,1,0,0
256.0,3.0,2.0,1,1,0,0,1,0,0,0,1,1,1,0,0,0,1,1
197.0,1.0,3.0,0,0,0,1,1,0,1,0,0,1,0,1,0,1,0,0
334.0,2.0,4.0,1,1,0,1,1,0,1,1,1,0,1,1,1,1,0,1
359.0,5.0,3.0,1,0,0,0,1,0,1,1,1,1,1,1,0,1,1,1
289.0,2.0,2.0,1,0,1,1,1,0,1,1,1,1,0,0,1,1,1,1
235.0,1.0,2.0,0,1,1,1,1,1,1,0,1,1,0,1,0,0,1,0
246.0,2.0,3.0,0,1,1,1,0,1,0,0,1,1,0,1,1,0,0,0
300.0,3.0,2.0,1,1,0,1,1,1,0,1,0,1,0,1,1,1,0,1
243.0,3.0,1.0,1,0,1,1,1,0,0,1,0,1,0,1,0,1,0,1
179.0,3.0,1.0,0,0,0,0,1,1,0,0,0,0,1,0,0,0,0,1
292.0,1.0,5.0,0,1,1,1,1,1,0,1,0,1,0,1,0,1,0,1
299.0,3.0,2.0,0,1,1,0,1,1,1,0,0,1,1,1,1,1,0,1
206.0,2.0,1.0,1,1,1,0,0,0,0,1,1,1,1,1,0,0,0,0
338.0,4.0,3.0,0,1,0,1,0,1,1,1,0,1,1,0,1,1,1,1
238.0,4.0,1.0,0,0,0,0,1,1,1,0,0,0,0,0,1,1,1,1
250.0,2.0,4.0,1,1,1,0,1,1,0,0,0,0,1,0,0,1,0,0
204.0,1.0,4.0,1,1,1,0,0,0,0,1,1,1,0,0,0,0,0,0
257.0,4.0,3.0,0,0,0,0,1,0,0,0,1,0,1,0,1,1,0,0
235.0,3.0,1.0,0,0,1,1,1,1,0,1,0,1,0,1,0,0,1,0
424.0,5.0,5.0,0,1,1,0,1,1,1,1,1,0,1,1,1,0,1,1
257.0,3.0,3.0,1,1,0,0,0,1,0,0,0,0,1,1,0,0,1,1
339.0,5.0,1.0,1,0,1,1,1,1,0,1,1,1,1,1,1,0,1,0
227.0,3.0,1.0,1,0,1,0,0,1,1,0,0,0,0,0,1,1,0,1
266.0,1.0,4.0,0,0,0,1,1,1,0,1,1,0,0,1,1,1,0,1
258.0,2.0,4.0,1,1,0,0,0,1,1,0,1,1,0,1,0,0,1,0
384.0,4.0,4.0,1,1,1,0,1,1,1,1,0,1,1,1,1,1,1,0
273.0,4.0,4.0,1,0,0,1,0,0,1,0,0,1,0,1,0,0,0,0
300.0,5.0,2.0,1,0,0,1,1,0,0,1,1,0,1,0,0,1,0,1
257.0,5.0,3.0,0,1,0,0,0,0,0,0,0,1,0,0,1,0,0,1
427.0,5.0,4.0,1,0,1,1,1,1,0,1,0,1,1,1,1,1,1,1
313.0,3.0,3.0,1,1,1,0,0,1,1,0,1,1,1,1,0,0,1,1
205.0,1.0,2.0,0,1,1,1,1,1,1,0,0,0,1,0,0,0,1,0
368.0,3.0,5.0,1,0,1,1,1,1,1,1,1,0,0,1,1,0,1,1
209.0,3.0,2.0,0,1,0,0,0,0,0,0,1,0,1,1,0,0,1,0
281.0,2.0,5.0,0,1,0,1,1,0,0,0,0,1,0,1,1,1,1,0
213.0,3.0,1.0,1,1,1,1,0,1,0,0,0,0,0,1,1,0,0,0
216.0,4.0,3.0,0,0,1,1,0,0,0,0,1,0,0,0,0,0,0,0
256.0,2.0,4.0,1,1,0,0,1,0,1,0,1,0,1,0,0,1,0,0
276.0,4.0,4.0,0,1,0,1,0,1,0,0,0,0,0,0,0,1,0,1
260.0,3.0,2.0,0,1,1,0,0,1,0,1,0,1,0,1,0,1,1,0
376.0,5.0,4.0,0,1,1,1,0,0,0,1,1,1,0,1,0,1,1,1
377.0,5.0,4.0,1,1,1,1,0,1,1,1,0,0,0,0,1,0,1,1
355.0,4.0,5.0,0,0,1,0,1,1,1,0,0,1,1,0,0,1,1,1
285.0,4.0,2.0,1,0,0,0,1,0,1,1,1,1,1,1,0,0,0,0
296.0,4.0,4.0,1,0,0,0,0,0,1,1,0,0,0,1,1,1,0,0
231.0,1.0,1.0,0,0,1,1,1,1,1,1,1,0,1,1,0,1,1,0
260.0,3.0,3.0,0,1,0,1,1,1,0,1,0,0,0,1,0,1,0,0
223.0,2.0,3.0,0,1,0,0,1,0,0,0,1,1,1,1,0,0,0,1
222.0,1.0,3.0,0,1,1,0,0,0,0,1,0,1,1,0,0,1,1,1
168.0,1.0,3.0,0,0,0,0,1,0,0,0,0,0,0,1,0,1,1,1
324.0,5.0,2.0,1,0,1,1,0,0,1,1,1,0,1,1,1,0,0,1
387.0,5.0,5.0,1,1,0,1,1,1,0,1,0,0,0,1,0,1,1,1
295.0,4.0,4.0,1,1,1,0,0,0,0,0,1,0,1,0,0,0,1,0
251.0,1.0,3.0,1,0,1,1,0,0,1,1,0,1,0,0,1,1,1,1
191.0,1.0,1.0,0,0,1,0,1,1,1,0,0,0,1,1,0,1,1,1
273.0,4.0,2.0,0,0,0,1,0,1,1,1,1,0,0,1,0,1,1,0
193.0,1.0,3.0,1,1,0,0,1,0,0,1,0,1,1,0,0,0,0,0
358.0,3.0,4.0,0,1,1,1,1,1,1,1,1,1,1,1,1,0,1,0
314.0,3.0,3.0,0,1,0,1,1,1,1,0,1,0,1,1,1,0,1,1
357.0,5.0,5.0,1,0,0,1,0,0,0,1,0,1,1,0,1,1,0,1
360.0,3.0,5.0,1,1,1,1,1,1,1,0,0,1,1,0,0,1,1,0
177.0,2.0,2.0,0,1,0,1,1,1,0,0,0,0,0,1,0,0,0,0
289.0,2.0,5.0,1,1,0,1,0,1,0,0,1,1,0,1,1,0,0,0
284.0,2.0,3.0,1,1,0,1,0,1,0,1,1,1,1,1,0,0,0,1
171.0,2.0,1.0,0,1,1,1,0,0,0,1,0,1,0,1,0,0,0,0
290.0,4.0,3.0,1,1,0,0,0,1,0,0,0,1,1,1,0,0,1,0
285.0,3.0,1.0,0,1,1,1,1,0,1,1,1,1,1,0,0,1,1,1
342.0,3.0,5.0,0,1,1,0,1,0,1,1,1,1,1,0,1,0,0,1
258.0,4.0,3.0,0,0,0,0,0,1,0,0,1,1,0,1,1,0,0,1
236.0,3.0,3.0,0,0,0,0,0,1,0,1,1,0,0,1,0,0,1,1
354.0,4.0,5.0,0,1,1,0,1,0,1,0,1,0,1,0,1,1,0,1
296.0,4.0,2.0,0,1,1,0,1,0,1,0,1,1,1,1,0,0,0,1
259.0,4.0,3.0,0,0,1,0,0,1,0,1,0,0,0,0,0,1,1,0
315.0,4.0,5.0,1,0,1,0,1,1,0,0,1,1,0,0,0,0,0,1
281.0,2.0,4.0,0,1,0,1,1,1,1,1,1,0,0,0,0,0,1,1
246.0,2.0,3.0,0,0,1,0,1,1,0,0,0,1,0,1,1,0,1,1
297.0,3.0,4.0,0,1,1,0,0,1,1,1,1,0,0,1,0,1,0,0
317.0,2.0,4.0,1,1,1,0,0,0,1,0,1,1,0,1,1,1,1,1
350.0,5.0,4.0,1,0,1,0,0,0,1,0,1,0,0,1,0,1,1,1
262.0,5.0,1.0,0,0,1,0,0,0,0,1,0,1,0,1,1,1,0,1
255.0,3.0,3.0,0,1,0,1,0,1,0,1,0,1,0,0,1,0,1,0
288.0,2.0,5.0,1,0,0,0,1,0,1,1,1,0,0,0,0,1,1,1
247.0,3.0,3.0,1,0,1,0,1,0,0,0,0,0,1,0,0,1,0,1
208.0,2.0,3.0,0,0,1,0,0,0,1,1,0,1,0,1,0,1,0,0
287.0,5.0,1.0,0,0,1,0,0,0,1,1,0,0,1,0,1,1,1,1
166.0,1.0,3.0,1,1,0,1,1,0,0,0,0,0,0,0,0,0,0,0
306.0,2.0,4.0,1,0,0,1,1,0,1,1,0,1,1,0,1,1,1,1
215.0,2.0,5.0,0,0,1,0,0,0,0,0,0,0,0,1,0,0,1,0
190.0,2.0,2.0,0,0,1,0,0,0,1,0,1,0,0,1,1,0,0,0
283.0,1.0,5.0,1,0,1,0,1,1,1,0,0,0,1,0,1,1,1,1
349.0,5.0,4.0,1,0,0,1,1,1,0,1,1,1,0,1,0,0,1,0
245.0,2.0,4.0,1,0,0,1,0,0,0,0,1,0,1,1,1,0,0,0
277.0,2.0,4.0,1,1,1,1,0,0,0,1,1,0,0,1,1,0,1,0
286.0,3.0,2.0,1,0,1,0,0,1,1,1,1,0,1,0,1,1,1,0
180.0,1.0,2.0,0,0,1,0,1,0,0,1,1,1,1,0,1,0,0,0
270.0,4.0,5.0,0,0,0,0,0,1,0,0,1,0,0,1,0,1,0,0
179.0,2.0,1.0,0,1,0,0,1,1,0,0,0,0,1,0,0,1,0,1
219.0,1.0,2.0,0,0,1,0,1,1,1,1,1,1,0,1,0,0,1,0
328.0,4.0,4.0,1,0,1,0,0,1,0,1,0,0,1,1,0,1,1,1
237.0,3.0,1.0,0,0,0,1,1,0,0,1,1,0,1,0,0,1,1,1
251.0,2.0,4.0,1,0,1,0,0,1,0,1,0,0,0,1,1,0,1,0
334.0,5.0,4.0,0,1,0,1,1,1,0,0,0,1,0,1,0,0,0,1
247.0,2.0,1.0,1,1,1,0,1,1,1,1,1,0,1,0,0,0,1,1
236.0,2.0,2.0,1,1,0,1,1,0,0,0,1,0,0,0,0,1,1,1
311.0,5.0,4.0,1,0,0,0,1,0,0,1,1,0,0,0,0,0,1,1
326.0,4.0,4.0,1,0,0,1,0,1,0,1,1,1,0,1,0,1,0,1
276.0,5.0,1.0,1,0,1,0,0,1,1,1,1,1,1,0,0,0,0,0
262.0,4.0,3.0,0,1,1,1,0,0,0,0,1,1,0,0,1,0,0,0
318.0,3.0,5.0,1,1,0,1,0,1,1,1,0,1,1,0,0,0,0,0
208.0,2.0,3.0,0,0,1,0,0,0,1,0,1,0,1,1,0,0,0,0
365.0,5.0,4.0,0,1,0,1,1,1,1,1,0,1,1,1,0,0,0,0
290.0,2.0,4.0,1,1,1,1,0,1,0,1,1,0,0,0,1,1,0,0
259.0,3.0,5.0,0,0,1,1,1,0,0,1,0,0,0,0,0,0,0,1
359.0,5.0,3.0,1,0,1,1,1,1,0,1,0,1,0,1,0,1,1,1
252.0,1.0,2.0,0,0,1,0,1,1,1,0,1,1,1,0,1,1,1,1
249.0,2.0,4.0,1,1,0,0,0,1,0,0,1,0,1,0,1,0,0,1
351.0,5.0,1.0,1,1,1,0,0,1,1,1,1,1,1,1,1,1,1,0
329.0,5.0,4.0,1,1,1,0,0,1,0,0,0,0,1,0,0,1,1,0
205.0,1.0,2.0,1,1,1,0,0,0,1,1,1,0,0,1,1,0,0,0
342.0,3.0,3.0,1,1,1,1,1,1,1,1,1,0,1,0,1,1,1,0
265.0,3.0,1.0,1,0,0,1,0,1,1,1,1,0,1,1,0,0,1,1
301.0,3.0,4.0,0,0,1,1,1,0,1,0,1,1,0,0,0,1,1,1
304.0,2.0,5.0,0,0,1,1,1,1,0,1,1,1,1,0,0,0,1,0
194.0,1.0,1.0,1,1,0,0,0,1,1,1,1,0,1,0,0,0,1,1
255.0,4.0,2.0,0,0,0,1,1,1,1,0,1,0,0,0,0,1,1,0
252.0,3.0,2.0,1,0,1,0,1,1,0,0,1,1,0,1,0,0,0,1
190.0,3.0,1.0,0,0,0,1,1,0,1,0,0,0,0,0,1,0,1,0
340.0,4.0,5.0,0,1,1,0,0,0,1,0,0,1,1,0,1,0,1,1
390.0,5.0,3.0,1,1,1,1,0,1,0,1,1,1,1,1,1,1,0,1
204.0,2.0,2.0,0,0,0,0,1,1,0,1,0,0,0,1,0,1,1,0
236.0,2.0,2.0,1,1,1,0,0,1,1,1,1,1,0,0,0,0,0,0
224.0,3.0,1.0,1,0,0,0,0,0,1,1,0,0,0,1,1,1,0,1
282.0,5.0,1.0,1,1,0,0,1,1,1,0,0,0,1,0,0,1,0,1
313.0,2.0,3.0,1,1,1,1,1,0,1,0,1,1,0,1,1,1,1,0
158.0,4.0,1.0,0,0,0,0,0,0,0,0,0,0,1,0,0,0,0,0
370.0,5.0,5.0,0,0,0,0,1,1,1,1,1,0,0,1,1,1,0,1
255.0,1.0,5.0,1,0,1,1,1,1,0,0,0,0,1,0,1,0,1,0
200.0,1.0,4.0,1,0,0,1,0,0,0,0,1,0,0,1,0,0,1,0
273.0,2.0,4.0,0,0,1,1,0,1,0,1,0,1,1,0,1,1,0,1
212.0,1.0,2.0,0,1,0,1,1,1,1,0,0,0,1,0,1,1,0,1
287.0,4.0,2.0,0,0,0,1,0,1,0,1,1,0,1,0,0,1,1,1
251.0,1.0,4.0,0,1,0,0,1,1,0,1,0,1,0,0,1,1,0,1
160.0,1.0,1.0,1,0,1,0,0,0,0,1,1,0,0,0,1,1,0,0
313.0,2.0,5.0,1,1,0,1,0,0,1,0,1,1,0,1,1,0,1,1
291.0,5.0,2.0,1,1,0,0,0,1,0,1,0,0,0,1,1,1,0,0
273.0,4.0,2.0,1,1,1,0,0,0,1,0,1,0,1,0,1,0,0,1
263.0,3.0,1.0,1,1,1,0,1,0,1,1,1,1,1,0,0,1,0,0
306.0,3.0,3.0,0,0,1,1,1,1,1,1,0,1,1,1,1,0,0,0
365.0,5.0,5.0,1,0,0,0,1,1,1,1,1,0,0,0,0,1,0,1
384.0,5.0,5.0,1,1,1,1,1,0,0,1,0,0,1,1,1,0,0,0
222.0,1.0,1.0,0,0,0,0,1,1,1,1,1,1,1,0,0,1,1,1
217.0,1.0,1.0,1,1,0,0,0,0,1,1,1,1,1,1,1,1,0,0
152.0,1.0,2.0,0,1,0,0,0,0,0,0,0,1,0,0,0,0,1,1
272.0,1.0,5.0,0,1,1,1,1,0,1,0,1,0,0,0,1,0,0,1
335.0,3.0,2.0,0,1,0,1,1,1,1,1,1,1,1,1,1,0,1,1
246.0,4.0,2.0,0,0,0,0,1,0,1,1,1,0,1,0,1,0,0,0
195.0,1.0,2.0,0,1,0,1,1,0,1,1,0,1,1,0,0,0,1,0
266.0,5.0,1.0,0,1,0,1,1,1,0,0,0,0,1,1,0,0,1,0
168.0,2.0,1.0,1,0,0,0,0,0,0,1,1,1,0,0,0,0,1,1
165.0,1.0,1.0,0,1,1,0,0,1,1,0,1,0,1,1,0,0,0,0
210.0,2.0,3.0,1,0,1,1,0,0,0,1,1,0,0,0,0,0,0,0
371.0,5.0,5.0,0,0,1,1,1,1,1,0,0,0,0,0,1,1,0,1
277.0,2.0,4.0,1,0,1,0,1,0,0,1,1,1,0,1,0,1,0,1
256.0,2.0,3.0,1,1,0,0,0,1,0,1,1,1,1,0,1,0,0,0
281.0,3.0,1.0,0,0,0,1,1,1,1,0,1,1,1,1,1,1,1,0
194.0,1.0,3.0,0,0,0,0,0,0,0,0,1,0,1,0,1,1,1,1
287.0,4.0,3.0,0,0,1,0,0,1,1,1,0,0,0,1,0,1,0,1
159.0,1.0,3.0,0,0,1,0,0,0,0,0,0,0,0,0,0,1,1,1
316.0,5.0,3.0,0,0,1,1,1,0,0,1,0,0,1,1,1,0,0,0
258.0,4.0,3.0,0,1,0,0,1,1,0,0,0,0,0,1,0,1,0,0
199.0,3.0,1.0,0,0,0,0,0,0,0,0,1,0,1,1,1,1,1,0
311.0,5.0,4.0,0,0,0,0,1,1,1,0,0,0,1,1,0,0,1,0
387.0,5.0,5.0,1,1,0,1,0,0,1,0,1,0,0,1,1,1,1,1
244.0,2.0,4.0,0,1,0,1,1,0,0,0,0,1,1,0,1,0,0,1
249.0,3.0,3.0,1,0,0,1,1,1,1,1,0,0,0,0,0,0,1,0
225.0,1.0,4.0,0,1,0,0,1,0,1,1,0,1,0,1,0,0,1,0
270.0,1.0,3.0,1,1,1,1,0,1,1,1,1,0,0,0,1,0,1,1
257.0,3.0,1.0,1,1,1,0,1,1,1,1,0,1,0,0,0,1,0,1
282.0,2.0,5.0,1,1,0,1,0,1,1,0,1,0,1,0,0,0,0,0
285.0,3.0,1.0,1,1,1,1,0,1,0,1,0,0,1,1,0,1,1,1
208.0,2.0,4.0,0,0,0,0,0,0,1,0,1,0,0,1,0,1,0,0
302.0,4.0,4.0,0,1,0,0,1,1,0,1,0,1,0,0,1,0,0,1
184.0,4.0,1.0,1,0,0,0,1,0,0,1,0,0,0,0,0,0,0,0
281.0,5.0,1.0,0,1,0,0,1,0,0,1,1,0,1,1,0,1,1,0
202.0,3.0,1.0,1,0,0,1,0,0,0,1,0,1,0,0,0,1,0,1
210.0,3.0,2.0,1,0,0,0,0,0,1,1,0,1,0,0,0,0,1,0
225.0,3.0,1.0,1,0,0,1,1,1,0,1,0,0,1,1,0,0,0,0
308.0,1.0,4.0,0,1,1,1,1,1,1,1,1,0,0,1,0,1,1,1
233.0,3.0,2.0,0,1,1,0,1,0,1,0,0,1,1,1,0,0,0,0
213.0,2.0,1.0,1,1,1,1,0,0,1,0,1,0,1,0,1,0,1,0
230.0,2.0,2.0,1,0,1,1,0,0,1,0,1,0,1,0,0,1,1,0
275.0,1.0,5.0,0,0,1,1,1,0,1,0,1,0,1,1,1,0,1,0
265.0,2.0,3.0,1,0,1,0,0,1,0,1,1,1,0,1,1,1,0,0
216.0,2.0,3.0,0,0,0,1,0,1,1,0,0,0,0,1,1,0,1,0
279.0,2.0,3.0,1,0,1,0,1,0,1,1,0,1,0,1,1,1,1,0
266.0,4.0,1.0,1,1,0,1,1,1,0,0,0,1,0,1,0,0,1,1
383.0,5.0,5.0,1,1,0,0,0,0,1,1,1,1,1,1,1,1,0,0
226.0,2.0,5.0,0,0,0,0,0,0,0,1,0,0,0,0,1,0,1,1
261.0,2.0,5.0,1,0,1,1,1,0,0,1,0,0,0,0,0,0,0,1
241.0,2.0,1.0,1,1,0,1,1,0,0,1,1,1,0,0,1,1,1,0
262.0,2.0,1.0,0,0,1,0,1,1,1,1,0,1,1,1,1,1,0,1
213.0,2.0,2.0,0,1,0,0,1,0,1,1,1,0,0,0,1,1,0,0
253.0,5.0,2.0,0,0,0,0,0,0,1,1,1,0,1,0,0,0,0,1
321.0,5.0,3.0,0,0,0,1,1,1,0,1,1,1,0,0,0,1,1,0
347.0,4.0,5.0,0,1,1,0,0,1,1,0,1,0,0,0,1,0,1,1
186.0,2.0,1.0,0,0,1,0,0,0,0,1,1,1,0,0,1,1,1,0
290.0,5.0,2.0,1,0,1,1,0,0,1,1,0,0,0,0,0,0,1,1
296.0,2.0,5.0,1,1,1,1,0,1,1,1,0,0,1,0,0,0,0,0
286.0,3.0,4.0,0,0,0,1,0,0,1,1,1,1,0,0,0,0,1,1
349.0,3.0,5.0,1,1,0,1,1,0,1,1,1,0,1,0,1,0,1,1
270.0,5.0,3.0,0,0,1,1,1,0,0,0,0,0,0,0,0,1,1,0
195.0,3.0,1.0,0,0,0,0,1,0,0,0,0,1,0,0,1,1,0,1
288.0,5.0,3.0,1,0,0,1,1,0,1,0,1,0,0,0,0,0,0,1
303.0,3.0,3.0,0,0,1,1,0,1,1,0,1,1,1,0,1,1,0,1
386.0,5.0,5.0,1,0,0,1,1,1,1,1,0,0,1,0,0,1,0,1
346.0,4.0,5.0,1,1,1,1,0,1,0,0,0,1,0,1,0,0,0,1
278.0,3.0,4.0,1,0,0,0,1,0,1,1,1,0,0,1,0,0,0,1
286.0,3.0,4.0,1,0,1,1,1,0,1,0,1,0,0,0,0,1,1,0
316.0,3.0,4.0,1,1,1,1,1,0,0,0,0,1,0,1,1,0,1,0
274.0,4.0,3.0,0,0,1,0,1,1,0,0,0,1,0,1,1,1,0,0
302.0,1.0,5.0,0,0,1,1,1,1,1,1,1,1,1,0,0,0,0,1
320.0,5.0,1.0,1,0,0,1,1,0,1,1,1,1,1,1,0,0,1,1
192.0,2.0,2.0,0,0,0,1,1,0,1,0,0,0,0,0,0,1,1,1
218.0,2.0,3.0,0,0,1,1,0,0,0,1,0,0,0,1,0,1,1,0
219.0,4.0,1.0,1,1,0,0,1,0,0,0,0,0,0,0,1,0,0,1
233.0,3.0,2.0,0,1,1,0,0,1,0,0,1,1,1,0,0,1,0,0
232.0,1.0,3.0,1,0,1,1,1,0,0,1,1,1,0,1,0,1,0,0
232.0,2.0,3.0,1,0,1,0,0,0,0,1,1,0,1,1,0,1,0,0
272.0,1.0,5.0,1,0,0,1,1,1,1,1,0,0,0,0,1,1,1,0
345.0,3.0,5.0,1,1,1,1,0,0,1,0,1,0,1,0,1,0,1,1
193.0,2.0,3.0,0,0,0,1,0,1,0,1,0,0,1,0,0,0,0,0
262.0,2.0,4.0,1,0,1,1,1,0,0,1,1,0,0,1,0,1,0,0
312.0,3.0,5.0,1,0,0,1,0,0,0,1,0,1,1,1,1,0,1,0
314.0,3.0,4.0,1,0,1,1,0,1,1,1,0,0,0,1,0,1,1,0
320.0,4.0,5.0,1,0,0,1,1,0,1,0,1,0,0,1,1,0,0,0
219.0,3.0,1.0,0,0,0,0,1,1,0,0,1,1,1,0,1,0,0,1
318.0,5.0,4.0,1,1,0,1,0,0,0,1,0,1,0,0,0,0,1,0
126.0,1.0,1.0,0,0,0,0,0,0,0,1,0,0,0,1,1,0,0,1
305.0,5.0,4.0,1,0,0,1,0,0,0,0,1,0,0,0,0,0,1,1
341.0,5.0,2.0,1,0,1,0,1,1,1,1,0,0,1,1,1,0,1,0
239.0,1.0,5.0,0,0,1,0,0,0,1,1,1,0,1,0,1,1,0,0
338.0,5.0,4.0,0,0,1,1,0,0,1,1,1,0,0,1,0,1,0,1
281.0,1.0,4.0,1,1,1,0,0,1,1,1,1,1,0,0,1,1,1,0
210.0,1.0,3.0,0,0,1,0,0,0,1,0,1,1,1,1,0,1,0,0
206.0,2.0,1.0,0,1,1,1,0,1,0,0,0,0,1,1,1,1,0,0
227.0,3.0,2.0,0,1,0,0,1,0,1,1,1,1,0,0,0,0,0,0
364.0,5.0,5.0,0,1,1,1,1,0,0,0,0,1,1,0,0,1,1,0
260.0,2.0,4.0,1,0,0,0,1,0,0,1,0,1,0,0,0,1,1,1
294.0,2.0,5.0,1,0,0,0,1,1,1,0,1,0,1,0,1,0,0,1
334.0,3.0,5.0,0,1,1,0,0,0,1,0,1,1,1,1,0,0,1,1
276.0,2.0,3.0,0,1,0,1,1,1,1,1,1,0,1,0,1,1,0,0
320.0,5.0,4.0,1,0,0,1,0,0,1,0,1,0,0,0,0,1,0,1
219.0,2.0,2.0,0,1,1,1,0,1,0,1,1,1,0,0,0,0,0,0
321.0,3.0,3.0,1,1,1,0,1,1,1,0,1,1,1,1,0,0,1,0
242.0,4.0,1.0,1,0,1,1,0,1,0,0,1,0,0,0,0,1,0,1
330.0,4.0,5.0,1,1,1,1,1,0,0,0,0,0,0,0,0,1,0,1
369.0,5.0,5.0,1,1,1,1,0,0,0,0,0,1,1,1,0,1,0,1
302.0,3.0,4.0,0,0,0,1,0,0,1,1,1,1,1,1,0,0,0,1
267.0,2.0,4.0,0,1,1,0,0,1,0,1,0,1,0,1,0,1,1,0
344.0,4.0,4.0,1,1,0,0,0,1,1,1,1,0,0,0,1,1,1,1
193.0,2.0,2.0,0,1,0,1,0,0,0,1,0,1,0,0,0,1,0,1
179.0,2.0,3.0,1,0,0,0,0,0,0,0,0,1,1,0,1,0,0,0
167.0,1.0,1.0,0,0,1,0,0,1,1,1,0,0,1,0,1,0,0,1
191.0,2.0,2.0,0,0,1,1,1,0,0,0,1,0,0,1,0,0,0,0
273.0,5.0,1.0,1,1,1,1,0,1,1,1,0,0,0,0,0,0,1,0
283.0,4.0,1.0,0,1,0,1,1,1,1,0,0,0,1,0,1,1,1,1
268.0,1.0,3.0,1,0,0,1,0,1,1,0,1,1,1,0,1,1,1,1
234.0,3.0,2.0,0,0,0,1,1,0,1,1,1,0,0,0,0,0,1,1
299.0,5.0,5.0,0,0,0,0,0,0,1,0,0,0,1,1,0,0,0,1
182.0,1.0,1.0,1,0,1,0,0,0,1,1,0,1,0,0,0,1,1,1
304.0,2.0,5.0,1,0,0,1,1,1,1,0,0,0,0,1,1,1,1,0
269.0,3.0,3.0,1,1,0,0,0,0,1,0,1,0,0,1,0,1,1,1
200.0,1.0,2.0,1,0,1,0,1,1,1,1,0,0,0,0,1,1,0,0
280.0,5.0,3.0,1,0,0,0,1,0,0,0,1,0,0,1,0,1,0,0
258.0,2.0,3.0,1,1,1,1,1,1,0,1,1,1,0,0,0,0,0,0
236.0,2.0,3.0,1,1,0,0,0,1,0,1,1,0,0,0,0,1,1,0
166.0,1.0,2.0,0,0,1,0,1,1,0,1,0,1,0,0,0,0,0,0
323.0,4.0,2.0,1,0,1,1,1,0,1,0,1,1,1,0,1,1,0,1
258.0,2.0,3.0,1,0,0,0,1,1,1,0,1,1,0,1,1,1,0,0
319.0,5.0,1.0,1,1,1,1,1,1,0,1,0,1,0,0,1,1,0,1
306.0,5.0,4.0,0,0,0,1,0,0,0,0,0,1,1,0,1,0,0,1
210.0,3.0,1.0,1,0,0,1,0,0,0,0,0,1,1,1,1,0,0,1
289.0,3.0,3.0,1,1,0,0,1,1,1,1,1,1,0,1,0,0,0,0
130.0,2.0,1.0,0,0,0,0,0,0,0,0,0,0,1,1,0,0,0,1
230.0,2.0,1.0,0,0,1,1,0,1,1,1,0,1,0,1,0,1,1,0
243.0,3.0,3.0,0,1,0,0,0,0,0,1,0,0,1,0,1,1,1,0
225.0,2.0,4.0,0,1,1,0,0,0,0,0,1,1,0,1,0,0,0,0
195.0,1.0,2.0,0,0,0,1,0,1,0,0,1,1,0,1,1,1,0,0
193.0,2.0,3.0,0,0,0,0,0,0,1,0,0,1,0,1,0,1,0,1
198.0,1.0,3.0,0,1,0,0,1,0,0,0,1,1,1,0,0,0,1,1
303.0,4.0,3.0,1,0,0,0,1,1,1,1,0,1,1,0,0,1,0,1
238.0,2.0,1.0,1,1,1,0,1,1,0,0,0,1,0,1,1,1,1,0
224.0,3.0,1.0,0,0,0,0,1,1,1,0,1,0,0,1,0,1,1,1
310.0,5.0,5.0,0,1,0,0,1,0,0,0,0,1,0,1,0,1,0,0
166.0,1.0,3.0,1,0,1,1,0,0,1,0,0,0,0,0,0,0,0,0
307.0,3.0,5.0,0,0,0,1,0,1,1,1,0,1,1,0,0,0,0,1
257.0,3.0,4.0,0,1,1,0,1,0,0,1,1,0,1,0,0,0,0,0
322.0,5.0,2.0,1,0,0,0,1,1,0,0,0,0,1,1,1,1,1,1
201.0,3.0,1.0,0,0,1,1,0,0,0,1,0,1,1,0,1,0,0,0
307.0,4.0,3.0,1,1,0,0,0,1,0,0,1,0,0,1,0,1,1,1
301.0,3.0,3.0,0,1,1,0,1,1,0,0,1,1,1,1,1,1,0,0
388.0,5.0,5.0,1,1,1,0,1,1,1,1,1,0,0,1,0,0,1,0
280.0,5.0,2.0,0,1,1,0,0,0,1,0,1,0,0,1,0,0,1,1
169.0,1.0,1.0,0,0,1,1,1,1,0,0,1,1,0,1,0,0,0,0
303.0,4.0,4.0,0,0,1,1,1,0,1,0,0,0,1,0,0,1,0,1
162.0,1.0,1.0,0,1,0,0,0,0,1,0,1,0,1,0,1,0,1,0
360.0,5.0,3.0,0,0,1,1,1,0,1,1,1,1,1,0,1,0,0,1
242.0,1.0,3.0,1,1,1,0,1,1,0,1,1,1,1,0,0,0,0,0
404.0,3.0,5.0,1,1,1,0,1,1,1,1,1,1,1,1,1,1,0,1
326.0,3.0,4.0,1,1,1,1,0,1,0,0,0,1,1,1,1,0,0,1
179.0,1.0,2.0,0,0,0,0,0,1,0,1,0,1,0,1,1,1,0,0
151.0,1.0,1.0,0,0,1,0,0,1,0,1,0,1,1,0,0,0,1,0
299.0,4.0,1.0,1,0,1,0,1,1,1,0,1,1,1,1,0,1,1,0
247.0,5.0,1.0,0,0,1,1,0,0,0,1,0,0,0,0,1,1,0,1
298.0,4.0,5.0,1,0,0,0,0,1,0,0,1,1,0,0,1,1,0,0
223.0,1.0,3.0,0,1,0,1,1,1,1,0,1,1,1,0,0,0,0,0
317.0,5.0,3.0,0,0,0,1,0,0,0,0,1,0,1,1,0,1,1,1
320.0,4.0,3.0,1,1,1,0,0,1,0,1,1,1,0,1,1,0,0,0
259.0,1.0,5.0,1,1,1,1,0,1,0,1,1,0,0,0,0,0,1,0
155.0,2.0,1.0,0,0,0,0,0,0,0,0,0,0,1,1,1,1,1,0
344.0,4.0,4.0,1,1,1,0,0,1,1,0,1,0,0,1,1,1,1,0
216.0,1.0,4.0,1,0,0,1,1,1,0,1,0,0,0,1,0,0,0,0
346.0,4.0,4.0,1,1,0,0,1,0,0,0,1,1,1,1,0,1,1,1
254.0,1.0,2.0,0,1,1,1,1,1,1,1,1,1,1,0,0,0,1,0
215.0,2.0,1.0,1,1,1,0,1,0,0,0,0,0,0,1,1,1,1,0
269.0,3.0,3.0,0,0,0,0,1,1,1,0,1,1,1,0,1,1,0,0
230.0,2.0,1.0,0,1,0,1,1,1,1,0,0,0,1,1,0,1,1,0
329.0,5.0,3.0,0,1,1,0,0,1,1,1,0,1,0,0,1,1,0,0
275.0,3.0,5.0,0,0,1,0,1,1,1,0,0,0,0,0,0,0,1,1
261.0,2.0,4.0,1,1,0,0,1,0,1,1,0,0,0,0,0,0,1,1
233.0,1.0,1.0,1,0,1,0,1,0,1,1,1,1,0,1,1,1,1,0
424.0,5.0,5.0,1,1,1,0,1,1,1,1,1,1,0,1,0,0,1,1
324.0,5.0,3.0,1,1,0,0,1,1,1,0,1,1,1,0,0,0,0,0
259.0,4.0,2.0,0,1,1,0,1,0,0,0,1,1,1,0,0,0,1,0
242.0,4.0,1.0,0,0,0,1,1,0,1,1,0,1,0,0,1,1,0,0
215.0,3.0,1.0,1,0,1,0,0,0,1,1,0,1,0,0,0,0,1,1
259.0,3.0,1.0,0,1,1,0,1,0,1,1,1,0,0,0,1,1,1,1
301.0,5.0,1.0,1,0,1,0,1,0,0,0,0,1,1,1,0,1,1,1
270.0,4.0,4.0,0,0,1,0,1,0,0,0,0,0,0,1,1,0,1,0
211.0,2.0,2.0,0,0,0,1,0,0,1,1,0,1,1,0,0,1,0,1
281.0,3.0,4.0,0,0,0,1,0,1,0,1,0,0,0,1,1,1,0,1
285.0,4.0,2.0,1,0,1,0,0,0,0,1,1,0,0,1,1,1,1,0
315.0,2.0,5.0,0,1,0,1,1,0,0,0,1,1,1,0,1,1,1,1
357.0,5.0,4.0,0,1,0,0,0,1,1,0,1,1,1,0,1,1,1,0
291.0,3.0,5.0,0,1,0,0,1,0,0,1,1,0,0,0,1,1,1,0
309.0,5.0,4.0,1,1,0,0,0,0,1,0,0,0,1,0,1,0,0,1
138.0,1.0,1.0,0,0,1,0,0,0,0,0,0,1,1,0,1,0,0,1
272.0,2.0,3.0,1,1,0,0,1,0,1,1,0,1,1,1,1,0,1,0
171.0,2.0,2.0,0,1,0,0,0,1,0,0,1,0,0,0,1,0,0,0
298.0,4.0,2.0,0,0,1,0,1,0,1,0,1,1,1,0,1,1,1,0
160.0,2.0,2.0,0,0,1,0,0,0,0,0,1,1,0,0,0,0,0,0
316.0,5.0,3.0,0,0,1,1,1,0,0,0,0,1,1,0,1,1,1,0
382.0,5.0,4.0,1,0,1,1,1,1,1,1,1,1,1,0,1,0,0,0
277.0,3.0,3.0,0,1,0,1,0,0,1,0,0,1,1,1,0,1,0,1
297.0,5.0,2.0,0,0,1,0,0,0,1,1,1,1,1,1,0,1,0,0
319.0,4.0,5.0,0,1,0,1,0,0,1,0,1,0,0,0,1,1,1,0
274.0,2.0,5.0,1,1,0,0,1,0,1,1,0,0,0,1,0,0,0,1
244.0,3.0,1.0,1,0,1,0,0,0,1,1,1,0,1,1,0,0,1,1
292.0,5.0,4.0,0,1,0,1,0,1,1,0,0,0,0,0,0,0,1,0
278.0,4.0,1.0,0,1,0,1,0,1,0,1,1,0,1,1,1,0,0,1
202.0,3.0,2.0,0,0,0,0,1,1,1,0,0,0,0,0,0,0,1,1
194.0,2.0,2.0,1,0,1,1,0,0,1,0,1,1,0,0,0,0,0,0
339.0,4.0,5.0,1,0,0,0,1,1,0,0,0,1,1,1,0,1,0,1
371.0,4.0,5.0,0,0,1,0,1,1,1,1,1,1,1,0,0,0,1,1
259.0,5.0,1.0,0,0,0,1,0,0,1,1,1,1,0,0,0,1,1,0
359.0,5.0,3.0,1,1,1,1,0,1,1,1,1,0,1,0,0,1,0,1
216.0,2.0,1.0,1,0,1,0,1,0,0,0,1,1,0,1,1,0,0,1
354.0,4.0,5.0,1,0,0,1,0,0,1,0,1,0,1,1,1,1,1,0
217.0,1.0,3.0,0,1,0,1,0,0,0,1,1,0,0,1,1,1,0,0
209.0,1.0,2.0,0,1,0,1,1,0,0,1,0,0,1,1,0,1,1,0
333.0,2.0,4.0,1,1,1,1,1,1,1,0,1,0,1,0,1,1,0,1
316.0,4.0,1.0,1,0,1,1,1,1,0,0,1,1,1,0,1,1,1,1
254.0,1.0,5.0,1,1,1,0,0,1,0,0,0,0,0,0,1,1,1,0
329.0,3.0,4.0,0,1,1,0,1,0,1,0,1,1,0,1,1,1,1,1
198.0,2.0,1.0,1,1,0,1,0,0,0,1,0,0,1,1,0,0,1,0
293.0,2.0,4.0,1,1,1,0,0,1,1,0,0,1,1,0,1,1,1,0
189.0,4.0,1.0,0,0,0,1,0,1,0,0,0,0,0,1,0,0,1,0
185.0,1.0,3.0,0,1,1,1,0,0,0,1,1,0,0,0,0,0,0,1
310.0,4.0,3.0,0,1,1,1,1,1,0,1,1,0,0,0,1,0,0,1
306.0,4.0,5.0,0,1,0,1,1,0,0,0,1,0,0,1,0,1,0,0
236.0,1.0,4.0,0,0,0,0,1,0,1,1,0,0,1,1,0,1,0,1
274.0,3.0,2.0,0,1,1,1,1,0,0,1,0,1,1,1,1,0,1,0
274.0,2.0,4.0,1,1,1,1,0,1,0,1,1,0,0,1,0,0,0,1
332.0,5.0,3.0,0,1,1,0,0,1,1,1,0,0,1,0,0,0,1,1
270.0,1.0,5.0,1,0,0,1,0,0,0,1,1,1,1,1,0,0,0,1
266.0,5.0,3.0,0,0,0,1,0,0,1,0,0,0,0,1,0,0,0,1
269.0,1.0,4.0,0,1,0,1,1,1,0,0,0,1,1,1,0,1,1,1
194.0,1.0,2.0,1,1,1,0,0,0,0,0,1,0,1,0,1,1,0,0
346.0,5.0,4.0,1,0,1,1,0,0,0,1,0,1,0,1,0,1,0,1
257.0,3.0,1.0,1,0,0,1,1,1,0,1,1,1,0,1,1,0,0,0
275.0,5.0,1.0,0,0,1,1,1,0,0,0,0,1,1,1,0,0,1,1
307.0,5.0,2.0,1,1,0,1,1,0,1,0,0,0,0,0,0,1,1,1
205.0,2.0,1.0,1,1,1,0,1,0,0,0,0,0,0,1,1,1,1,0
368.0,4.0,4.0,0,1,1,1,1,1,1,1,0,1,1,0,0,1,0,1
215.0,2.0,4.0,1,0,0,0,0,0,1,0,0,0,1,0,0,0,1,0
185.0,2.0,1.0,0,1,0,0,0,1,1,0,0,0,1,1,0,1,0,0
282.0,3.0,3.0,1,1,0,1,1,1,1,1,0,0,0,0,1,0,0,0
265.0,3.0,3.0,1,0,1,0,1,1,1,1,1,0,0,0,0,0,0,1
387.0,5.0,4.0,0,1,1,1,1,0,1,1,1,1,0,0,0,1,1,1
321.0,3.0,5.0,0,0,1,1,0,1,0,1,0,0,0,0,1,1,1,1
235.0,2.0,5.0,1,0,1,0,1,0,0,1,0,0,0,0,0,0,1,0
242.0,3.0,3.0,1,0,1,0,0,0,0,0,1,0,0,1,0,0,1,1
332.0,5.0,5.0,0,1,0,0,0,0,0,0,1,1,0,1,1,1,0,0
252.0,2.0,2.0,0,0,0,1,1,1,0,0,1,1,1,1,1,1,0,0
297.0,3.0,2.0,1,1,1,1,1,1,0,1,1,1,0,0,0,1,1,0
285.0,2.0,2.0,0,0,1,1,0,1,1,1,1,0,1,1,1,1,1,1
200.0,1.0,3.0,0,1,0,1,0,0,0,1,0,0,1,0,1,1,1,0
359.0,5.0,5.0,1,1,0,1,0,1,0,1,0,1,1,1,0,0,0,0
308.0,5.0,3.0,1,0,1,0,0,1,0,0,0,1,1,0,1,0,1,0
276.0,5.0,1.0,0,0,1,1,0,0,0,1,1,1,1,0,0,1,1,0
297.0,5.0,2.0,0,0,1,1,0,1,0,0,0,0,1,1,1,0,0,1
364.0,4.0,5.0,1,0,1,0,0,0,0,1,1,1,1,1,1,0,1,1
210.0,1.0,2.0,1,0,1,0,1,0,1,0,1,0,1,1,0,0,1,0
275.0,3.0,5.0,0,0,1,1,0,0,0,1,1,0,0,1,0,0,0,0
209.0,1.0,4.0,0,1,0,0,1,0,1,1,0,1,0,0,0,0,1,0
140.0,1.0,1.0,0,1,0,0,1,0,1,0,0,0,1,0,0,1,0,0
318.0,5.0,2.0,0,0,0,0,1,1,1,0,1,0,1,1,1,0,1,1
327.0,3.0,5.0,1,0,1,1,1,1,0,1,1,0,1,0,0,1,0,0
273.0,3.0,4.0,1,0,1,0,0,1,0,1,1,0,0,0,0,1,0,1
312.0,5.0,2.0,0,1,1,0,1,0,0,1,1,0,0,0,1,0,1,1
302.0,5.0,1.0,0,0,1,0,0,1,1,1,0,1,1,1,0,1,0,1
308.0,4.0,3.0,0,1,1,1,1,0,1,1,0,0,1,0,1,0,0,1
261.0,2.0,3.0,1,0,1,1,1,1,1,0,1,0,0,0,0,1,0,1
274.0,4.0,3.0,0,0,1,1,0,0,0,0,0,1,0,0,0,1,1,1
177.0,2.0,2.0,0,0,0,0,0,0,0,0,1,0,1,0,0,0,1,1
252.0,2.0,2.0,0,1,0,1,1,1,1,0,1,1,0,1,1,1,0,0
206.0,4.0,1.0,0,1,0,0,0,0,0,0,1,0,1,1,1,0,0,0
290.0,5.0,1.0,0,1,0,0,1,0,0,1,1,0,0,1,1,1,1,1
372.0,4.0,5.0,1,1,1,1,1,1,0,1,0,0,1,1,1,0,0,0
345.0,5.0,4.0,1,0,1,0,0,1,1,0,0,1,1,1,0,0,0,1
272.0,4.0,2.0,0,1,0,1,0,0,0,0,1,1,0,1,1,0,1,0
194.0,1.0,5.0,0,0,1,1,0,1,0,0,0,0,0,1,0,0,0,0
284.0,2.0,3.0,1,0,0,1,0,1,1,1,0,1,1,0,0,1,1,1
309.0,2.0,5.0,0,0,1,1,0,1,1,1,0,1,1,1,0,1,0,1
309.0,4.0,4.0,1,0,1,0,1,1,1,0,1,0,0,0,0,0,1,1
343.0,4.0,4.0,1,0,1,1,0,1,1,0,0,0,1,1,1,1,1,0
303.0,4.0,3.0,1,1,1,0,1,0,0,0,1,0,1,0,1,1,1,0
239.0,5.0,3.0,1,0,0,0,0,1,0,1,0,0,0,0,0,0,0,0
258.0,3.0,4.0,0,0,0,0,0,1,1,1,0,0,0,0,1,1,0,1
226.0,1.0,4.0,1,0,0,0,0,1,1,1,1,0,1,0,1,0,0,0
261.0,2.0,3.0,1,1,1,1,1,0,1,0,0,1,1,0,0,0,1,0
307.0,3.0,5.0,1,0,1,0,0,1,1,1,0,0,0,1,1,1,0,0
364.0,5.0,5.0,1,0,0,1,0,0,1,1,0,1,1,0,1,0,0,1
164.0,1.0,3.0,0,0,0,1,0,0,0,0,0,1,0,0,1,0,1,0
338.0,5.0,4.0,0,1,1,0,0,1,0,1,0,1,1,1,0,0,1,0
305.0,4.0,5.0,1,0,1,0,1,0,0,0,1,0,0,0,0,1,1,0
217.0,2.0,2.0,0,0,0,0,1,0,0,1,1,1,1,0,1,0,1,0
293.0,3.0,5.0,1,0,1,1,0,1,0,0,0,0,0,0,0,1,1,1
236.0,3.0,3.0,0,0,1,1,1,0,0,0,0,1,0,0,0,0,1,1
244.0,2.0,4.0,0,1,0,0,0,0,0,1,0,1,0,0,1,1,0,1
276.0,5.0,3.0,1,1,0,0,1,1,0,0,1,0,0,0,0,0,0,0
288.0,2.0,5.0,1,0,1,0,0,1,0,0,1,1,1,0,0,0,1,1
245.0,1.0,3.0,1,1,0,1,1,1,0,1,0,0,1,0,1,0,1,0
204.0,4.0,1.0,1,0,0,0,0,0,1,0,1,0,0,0,0,1,0,0
190.0,4.0,1.0,0,1,0,0,0,0,0,0,0,0,0,0,0,0,1,1
182.0,2.0,2.0,0,0,0,1,0,0,0,0,0,1,0,0,0,1,1,1
351.0,4.0,5.0,0,1,1,0,0,0,0,1,0,1,0,1,1,1,1,1
165.0,1.0,5.0,0,0,0,0,0,0,0,0,0,0,0,0,1,0,1,0
292.0,4.0,2.0,1,1,0,1,1,1,1,0,1,0,0,0,0,1,0,1
204.0,1.0,1.0,0,0,1,0,1,1,0,0,1,1,1,1,0,1,1,0
232.0,3.0,2.0,1,0,0,1,1,1,0,0,0,0,0,1,1,0,1,0
191.0,1.0,1.0,1,1,0,0,0,1,1,1,0,0,0,1,1,0,1,1
244.0,2.0,4.0,1,0,1,0,0,0,1,1,0,0,0,0,1,1,0,0
287.0,5.0,1.0,1,0,1,0,1,1,1,1,1,0,0,0,0,0,1,0
172.0,1.0,3.0,0,1,1,1,0,1,1,0,0,0,0,0,0,0,0,0
294.0,3.0,3.0,1,0,0,1,1,0,1,0,0,1,1,0,1,1,1,0
225.0,1.0,2.0,0,1,1,0,0,1,1,1,1,0,1,0,0,1,1,1
212.0,1.0,2.0,1,0,1,0,1,1,1,0,0,0,0,1,1,0,1,0
320.0,5.0,1.0,0,1,1,1,1,1,1,1,1,0,1,0,0,0,1,1
338.0,5.0,5.0,0,0,1,1,0,0,0,1,1,0,1,1,0,0,1,0
226.0,3.0,2.0,0,0,1,0,0,1,0,0,0,1,1,0,1,0,0,1
302.0,5.0,1.0,1,1,0,1,0,1,1,1,0,1,0,0,0,1,0,1
251.0,5.0,1.0,1,0,0,1,0,1,1,0,0,1,0,0,0,0,1,0
238.0,1.0,5.0,0,1,0,0,1,1,0,0,0,0,1,0,1,0,0,1
255.0,2.0,1.0,1,0,1,0,1,1,0,0,1,1,0,1,1,1,1,1
232.0,4.0,3.0,0,0,1,0,0,1,1,0,1,0,0,0,0,0,0,0
269.0,4.0,2.0,1,0,1,0,0,0,0,0,1,0,1,1,0,1,1,1
183.0,3.0,2.0,0,1,0,0,0,0,1,0,0,1,1,0,0,0,0,0
294.0,1.0,4.0,1,1,1,1,1,0,1,0,1,0,1,0,1,1,0,1
382.0,5.0,4.0,1,1,0,1,1,0,1,1,0,1,0,1,0,1,1,0
341.0,5.0,5.0,1,0,1,0,1,0,0,0,0,1,1,0,1,0,1,0
213.0,1.0,3.0,0,1,1,0,0,1,0,1,1,0,1,0,0,1,1,0
317.0,5.0,5.0,0,0,0,0,0,1,0,1,0,0,0,0,1,0,1,1
315.0,4.0,5.0,1,0,1,0,0,0,1,0,0,0,1,0,0,1,1,0
257.0,4.0,2.0,0,1,1,0,0,0,1,0,0,0,1,1,0,0,1,0
338.0,4.0,5.0,0,0,1,1,0,0,0,0,1,1,1,0,1,0,1,1
248.0,3.0,5.0,0,0,0,0,0,0,0,1,1,0,1,0,0,0,0,1
341.0,5.0,5.0,0,1,0,0,0,1,1,0,1,1,0,0,1,0,1,0
312.0,2.0,2.0,1,1,1,1,1,0,0,1,1,1,1,1,1,1,1,1
275.0,3.0,5.0,0,0,1,1,0,1,0,1,0,0,1,0,0,0,0,1
241.0,1.0,4.0,0,0,1,1,1,1,1,0,0,0,1,0,0,1,0,1
319.0,4.0,4.0,1,0,0,1,1,1,0,1,0,0,1,0,0,0,1,1
193.0,2.0,1.0,0,0,0,1,1,0,0,0,0,0,1,1,1,1,1,0
265.0,4.0,2.0,1,1,1,1,0,0,0,0,0,0,1,0,1,0,1,0
300.0,3.0,3.0,1,1,0,1,1,1,1,1,0,0,1,1,1,0,0,0
297.0,4.0,2.0,0,1,1,0,1,1,0,1,0,1,0,1,0,1,1,0
346.0,3.0,4.0,1,0,1,1,1,1,0,0,1,0,0,1,1,1,1,1
268.0,4.0,2.0,0,0,0,1,1,1,0,0,0,1,1,1,1,1,0,0
242.0,1.0,4.0,1,0,0,1,0,1,1,0,1,0,1,0,1,0,0,1
269.0,4.0,3.0,0,1,1,1,1,1,0,0,0,0,0,0,0,0,1,0
406.0,5.0,5.0,1,1,1,1,1,0,1,1,0,1,0,1,1,0,1,0
324.0,3.0,5.0,0,0,1,1,0,0,1,0,1,1,0,1,0,1,1,1
305.0,3.0,4.0,0,0,1,0,1,1,1,1,1,0,0,1,1,0,0,1
235.0,2.0,1.0,1,1,1,1,1,0,0,0,1,1,1,0,0,1,0,1
282.0,1.0,3.0,1,1,0,1,1,0,1,1,1,0,1,1,1,1,1,0
323.0,4.0,5.0,0,0,0,0,1,1,0,0,0,1,1,1,0,0,1,1
250.0,2.0,3.0,1,0,1,1,1,0,1,1,0,0,1,0,0,1,0,0
238.0,1.0,4.0,0,0,1,1,0,1,0,1,0,1,1,1,0,1,0,0
224.0,1.0,2.0,0,1,1,0,1,1,0,1,1,0,1,0,1,1,0,1
195.0,3.0,1.0,1,0,0,0,1,1,1,0,0,0,0,1,0,0,0,0
235.0,4.0,1.0,0,1,1,0,1,0,0,0,1,0,0,1,1,0,1,0
253.0,1.0,3.0,1,1,1,0,1,0,1,1,0,1,1,0,1,0,0,1
288.0,3.0,5.0,1,0,1,0,0,0,0,0,1,1,1,1,0,0,1,0
256.0,2.0,5.0,0,0,1,0,0,1,1,1,0,0,0,1,0,0,1,0
234.0,3.0,5.0,0,0,0,1,0,1,0,0,0,0,0,0,0,0,0,1
269.0,3.0,4.0,1,0,0,0,0,0,1,1,1,0,0,1,1,1,0,0
216.0,1.0,3.0,0,1,0,1,1,0,1,0,0,1,0,0,0,0,1,1
333.0,4.0,3.0,1,1,1,1,1,1,0,0,1,1,0,0,0,1,1,0
341.0,3.0,5.0,0,0,1,1,1,1,1,0,1,1,1,0,1,1,0,0
224.0,1.0,1.0,1,1,1,0,0,1,1,1,0,0,1,1,1,1,1,0
289.0,2.0,4.0,1,0,0,0,0,1,1,0,1,1,1,1,1,0,0,1
208.0,1.0,1.0,1,1,0,0,1,1,1,1,1,0,1,0,0,0,1,1
429.0,5.0,5.0,1,1,1,1,1,1,1,0,1,0,1,0,0,1,1,1
186.0,1.0,2.0,0,0,1,1,0,1,1,0,0,0,0,0,1,0,1,1
262.0,2.0,3.0,1,0,0,1,0,1,0,1,1,0,1,1,0,0,1,1
345.0,4.0,5.0,1,1,1,0,1,0,0,0,0,1,1,1,0,0,1,0
279.0,3.0,3.0,0,0,1,0,0,1,1,0,1,1,1,1,1,0,1,0
342.0,5.0,5.0,0,0,0,0,1,0,1,1,1,0,0,1,0,1,1,0
217.0,4.0,2.0,1,0,0,0,0,1,1,1,0,0,0,0,0,0,0,0
270.0,4.0,5.0,0,0,1,0,0,0,0,0,1,0,1,0,1,0,0,0
262.0,3.0,5.0,0,0,0,1,1,0,0,0,0,1,1,0,0,0,1,0
264.0,3.0,3.0,0,1,1,1,1,0,0,0,1,0,0,1,1,0,1,0
314.0,3.0,4.0,0,1,1,1,1,0,1,1,1,0,1,0,1,0,0,0
291.0,3.0,2.0,0,0,1,1,1,1,0,1,0,1,1,1,1,1,0,0
319.0,4.0,3.0,1,1,0,1,1,0,0,1,1,1,1,0,0,1,1,0
230.0,2.0,2.0,1,0,0,1,1,1,0,1,0,0,0,1,0,1,1,0
263.0,1.0,2.0,1,1,1,1,1,1,0,1,0,1,1,0,0,1,1,1
355.0,4.0,3.0,1,1,1,1,1,0,1,1,1,1,0,1,1,1,0,0
320.0,4.0,4.0,1,0,0,1,1,0,1,0,1,0,0,0,1,0,1,1
294.0,3.0,1.0,1,1,1,1,1,1,0,1,1,1,0,1,0,0,1,1
256.0,3.0,3.0,1,1,0,1,0,1,1,1,0,0,0,0,0,0,0,1
324.0,4.0,3.0,0,1,1,1,0,1,0,1,0,1,1,0,1,1,0,1
279.0,4.0,3.0,1,0,0,0,1,1,1,0,0,0,1,1,0,1,0,0
285.0,5.0,3.0,1,0,0,0,0,0,0,1,0,1,1,0,1,0,1,0
275.0,2.0,5.0,1,1,1,0,0,0,0,1,1,0,0,0,1,1,0,0
361.0,5.0,4.0,1,1,0,1,0,0,1,1,1,1,0,1,0,1,0,0
284.0,3.0,4.0,0,0,1,0,0,1,1,0,1,0,0,1,1,0,1,0
197.0,3.0,1.0,0,0,1,0,1,0,0,0,0,1,0,1,1,1,0,0
330.0,4.0,4.0,0,1,0,1,1,1,0,1,0,0,0,1,1,1,0,1
292.0,4.0,3.0,0,0,0,1,0,1,1,0,0,0,1,1,0,1,0,1
302.0,5.0,3.0,1,0,1,0,0,0,0,0,1,1,0,0,1,0,0,1
301.0,4.0,2.0,0,1,1,0,0,1,1,1,1,0,1,1,1,0,0,1
277.0,5.0,3.0,0,1,0,1,0,0,0,1,0,0,0,1,0,1,0,0
218.0,4.0,1.0,0,0,1,0,1,1,1,0,0,0,1,1,0,0,0,0
200.0,1.0,1.0,0,1,1,0,1,1,1,0,1,1,0,0,0,0,1,1
319.0,5.0,4.0,1,0,0,1,1,0,1,0,0,0,1,1,0,0,1,0
211.0,1.0,2.0,0,1,1,1,1,0,1,1,0,0,0,1,0,1,0,1
260.0,3.0,2.0,1,1,1,0,1,0,1,0,1,1,0,1,1,0,0,0
185.0,1.0,3.0,1,0,0,0,0,0,0,0,0,0,1,1,1,1,0,1
296.0,4.0,4.0,1,1,0,0,0,0,1,0,0,1,1,1,0,0,1,0
218.0,3.0,1.0,0,0,0,1,1,0,0,0,0,1,1,0,1,1,1,0
366.0,5.0,4.0,0,1,0,1,1,1,0,1,0,1,1,0,1,1,0,0
347.0,4.0,3.0,0,1,1,1,1,1,0,0,1,0,1,1,1,1,1,0
369.0,4.0,3.0,1,1,0,1,1,0,1,1,1,1,1,0,1,1,1,1
252.0,4.0,1.0,0,0,0,1,1,0,1,1,0,0,1,1,1,0,0,0
304.0,5.0,4.0,0,0,1,0,0,0,0,0,0,0,1,1,1,0,1,0
327.0,2.0,5.0,0,1,0,1,1,1,0,1,1,0,1,1,1,1,0,1
160.0,2.0,1.0,0,0,1,0,0,0,0,0,1,1,1,0,1,0,0,0
211.0,1.0,2.0,1,1,0,0,0,0,1,0,1,1,0,0,1,0,1,1
353.0,5.0,5.0,1,1,1,1,0,1,0,0,0,1,1,0,0,0,1,0
258.0,1.0,3.0,0,0,1,0,1,1,1,0,0,1,1,1,1,0,1,1
208.0,2.0,1.0,1,1,0,0,0,1,0,0,0,1,1,1,1,0,0,1
198.0,1.0,4.0,0,1,0,1,0,0,1,0,1,0,0,0,1,0,0,0
242.0,1.0,5.0,0,1,0,0,0,0,0,1,0,1,1,0,0,1,0,1
277.0,3.0,4.0,0,1,1,0,1,0,1,0,1,0,1,0,0,0,0,1
280.0,3.0,1.0,1,1,1,1,1,1,1,1,1,1,0,0,0,0,0,1
298.0,5.0,1.0,0,0,0,1,1,1,0,1,0,1,1,1,0,1,1,0
361.0,5.0,5.0,1,0,0,0,1,1,1,0,0,0,1,1,0,0,1,1
199.0,1.0,5.0,1,0,0,0,0,0,1,0,0,0,0,0,0,1,0,1
284.0,4.0,2.0,0,1,1,1,0,0,0,1,0,1,1,1,1,1,0,0
216.0,3.0,1.0,0,1,0,1,1,1,0,0,1,0,0,1,0,0,1,0
218.0,1.0,4.0,1,0,1,0,0,1,0,1,0,0,0,1,1,0,0,0
230.0,2.0,2.0,0,1,1,1,0,0,1,1,1,0,0,0,0,1,1,0
340.0,5.0,4.0,0,0,1,1,0,0,1,1,1,1,0,0,1,1,0,0
325.0,2.0,4.0,1,1,1,1,1,1,0,0,1,1,1,1,1,1,0,0
255.0,3.0,1.0,1,0,1,1,1,0,1,1,1,1,0,0,1,0,0,0
239.0,2.0,2.0,1,0,1,0,0,1,1,0,1,0,0,1,1,0,1,1
352.0,4.0,5.0,1,0,1,0,0,0,1,0,1,0,1,1,1,0,1,1
222.0,1.0,1.0,0,1,0,1,1,0,1,1,1,1,0,1,1,1,0,1
201.0,3.0,1.0,0,0,0,0,0,1,1,1,1,0,0,0,1,0,1,0
268.0,4.0,3.0,0,1,1,0,0,0,0,0,1,1,0,0,1,0,0,1
343.0,3.0,5.0,1,0,1,0,0,0,1,1,1,0,1,1,0,1,1,1
312.0,3.0,4.0,0,1,1,1,1,0,0,1,0,1,0,1,0,1,0,1
286.0,5.0,2.0,1,0,0,1,1,1,0,1,0,1,0,0,0,0,0,1
211.0,1.0,5.0,0,1,1,0,1,0,0,0,0,0,0,1,0,0,0,1
244.0,5.0,1.0,0,0,0,0,0,1,0,0,0,1,0,1,0,1,0,1
261.0,3.0,1.0,0,1,1,1,0,0,1,1,1,1,1,0,0,0,1,1
292.0,5.0,4.0,0,0,0,1,0,0,0,0,1,1,0,0,0,1,0,0
238.0,3.0,1.0,1,1,0,1,0,0,0,0,0,0,1,1,1,0,1,1
277.0,4.0,3.0,0,1,1,0,0,0,1,1,0,0,0,1,1,1,0,0
269.0,5.0,3.0,0,0,1,1,0,0,0,0,1,0,0,0,0,0,1,1
324.0,4.0,5.0,1,1,0,0,1,1,0,1,0,1,1,0,0,0,0,0
249.0,3.0,1.0,0,1,0,1,1,0,1,1,0,0,1,1,0,1,1,0
300.0,3.0,5.0,0,1,0,0,1,0,1,0,1,1,0,1,0,0,1,0
315.0,5.0,1.0,0,1,1,1,0,1,0,1,1,1,0,1,0,0,1,1
303.0,3.0,5.0,0,1,0,1,0,1,0,1,0,1,1,1,1,0,0,0
203.0,3.0,1.0,1,1,0,1,0,0,1,0,0,1,1,0,0,0,0,0
263.0,4.0,1.0,0,1,1,0,1,0,1,1,1,0,1,1,0,1,0,0
288.0,5.0,3.0,0,1,0,1,0,0,0,1,1,1,0,0,0,0,0,1
262.0,4.0,2.0,1,0,0,0,1,1,0,1,0,1,1,0,0,1,0,0
230.0,1.0,5.0,0,1,0,0,0,1,0,0,0,0,0,0,1,1,1,1
257.0,2.0,4.0,1,0,1,1,1,1,0,0,0,1,0,0,1,0,0,0
310.0,2.0,3.0,1,0,1,1,1,0,1,1,0,1,0,1,1,1,1,1
213.0,1.0,3.0,0,1,1,0,0,1,1,0,0,1,1,0,0,1,0,1
291.0,2.0,5.0,1,0,0,1,0,1,0,0,1,1,1,0,1,0,0,1
319.0,4.0,3.0,0,0,1,1,0,1,1,1,0,1,1,1,0,0,1,1
387.0,5.0,5.0,1,1,1,1,0,1,0,0,0,1,1,1,1,1,0,0
260.0,1.0,5.0,0,0,0,1,0,0,0,0,0,1,1,1,1,1,1,1
264.0,5.0,3.0,0,0,1,1,0,0,0,0,0,0,1,0,1,0,0,0
245.0,2.0,1.0,1,0,1,1,1,1,1,1,1,1,0,0,0,0,0,1
337.0,5.0,4.0,1,0,0,0,1,0,0,0,1,0,1,0,0,1,1,1
364.0,4.0,3.0,1,1,1,0,0,1,1,1,1,1,1,1,1,1,1,0
225.0,1.0,2.0,1,1,1,1,0,1,0,1,1,0,1,1,0,0,1,0
237.0,2.0,3.0,0,1,0,0,1,0,1,0,1,1,0,1,1,0,0,0
294.0,5.0,1.0,0,1,0,0,1,1,0,1,1,1,0,1,0,1,1,0
353.0,5.0,5.0,1,0,0,0,1,0,0,1,0,1,1,1,1,0,1,0
248.0,2.0,2.0,0,1,0,0,1,0,1,0,1,1,1,0,1,1,0,1
253.0,1.0,4.0,1,1,0,0,1,1,1,0,1,0,0,0,1,1,1,0
298.0,4.0,2.0,0,1,1,0,0,1,1,0,1,0,1,0,1,1,1,1
310.0,4.0,5.0,0,0,1,0,1,0,1,0,1,0,0,0,1,0,0,1
300.0,4.0,2.0,0,1,0,1,1,0,1,1,0,1,1,1,0,1,0,0
233.0,1.0,2.0,1,1,1,0,0,1,0,1,0,1,1,0,0,1,1,1
240.0,3.0,2.0,0,0,1,0,0,1,1,0,1,1,1,0,0,1,0,0
277.0,3.0,4.0,0,1,0,0,1,0,1,1,0,1,0,1,1,0,0,0
343.0,5.0,5.0,0,0,0,0,0,0,1,1,1,1,1,1,0,0,0,1
340.0,4.0,5.0,1,0,1,0,1,0,0,0,1,0,1,1,1,0,1,0
294.0,3.0,4.0,1,1,0,0,0,0,1,0,0,1,1,0,1,0,1,1
244.0,5.0,1.0,1,1,0,0,0,0,1,0,1,0,0,1,0,0,0,0
317.0,3.0,2.0,1,1,1,1,0,1,1,1,0,1,0,1,1,1,1,0
244.0,2.0,1.0,0,1,1,1,0,1,0,0,1,1,1,1,0,1,0,1
311.0,2.0,5.0,0,1,0,0,1,1,1,0,0,1,1,1,1,0,1,0
276.0,3.0,2.0,0,1,0,0,0,1,1,0,0,1,1,1,1,0,1,1
227.0,1.0,3.0,0,1,0,1,0,1,1,0,1,0,1,0,0,1,1,0
239.0,2.0,4.0,0,0,0,1,0,1,0,1,0,0,0,0,0,1,1,1
215.0,3.0,2.0,1,1,0,1,0,0,0,0,0,1,1,0,0,0,1,0
354.0,4.0,5.0,0,1,1,1,1,0,1,0,0,1,1,0,1,0,1,0
150.0,1.0,3.0,0,1,0,0,0,0,1,0,0,1,0,0,0,0,0,0
348.0,4.0,4.0,0,1,1,1,0,1,1,0,0,0,0,1,1,1,1,1
266.0,2.0,4.0,0,1,1,0,1,1,1,0,1,0,1,0,0,0,1,0
197.0,1.0,2.0,0,0,0,1,1,1,1,0,1,1,0,0,0,0,1,0
275.0,4.0,3.0,1,0,0,1,1,0,0,1,0,0,0,0,0,1,1,1
220.0,1.0,3.0,1,0,0,0,1,1,0,0,1,1,1,1,1,0,0,0
311.0,5.0,3.0,0,1,0,1,0,0,1,0,0,0,1,1,0,0,1,1
283.0,2.0,3.0,1,0,1,0,0,1,1,1,1,1,1,1,0,1,1,0
245.0,2.0,1.0,0,1,0,0,1,1,1,1,1,0,1,1,1,0,1,0
358.0,4.0,1.0,1,1,1,1,1,1,1,1,1,1,1,0,1,1,1,1
198.0,2.0,1.0,1,1,1,0,0,1,1,1,1,0,0,0,0,1,0,0
202.0,1.0,3.0,1,1,0,0,0,1,0,1,0,0,1,0,0,0,0,1
261.0,2.0,4.0,0,1,0,1,0,0,1,0,1,0,0,1,1,1,1,0
187.0,2.0,1.0,0,1,0,0,0,1,1,1,0,0,1,0,0,1,0,0
235.0,4.0,1.0,1,0,1,0,0,0,1,0,0,1,0,1,1,1,0,0
325.0,3.0,1.0,1,1,1,1,1,1,1,1,1,1,0,1,1,1,0,1
265.0,4.0,4.0,0,0,0,1,0,0,0,0,0,0,0,0,1,1,1,0
350.0,5.0,2.0,1,0,0,1,1,1,0,1,1,1,0,1,1,1,0,1
319.0,3.0,4.0,1,1,0,1,0,0,0,1,1,1,1,1,1,0,0,1
266.0,1.0,4.0,1,1,1,0,1,0,0,1,0,1,0,0,1,1,0,1
244.0,3.0,2.0,0,0,0,1,0,1,0,0,0,1,1,0,1,1,1,0
274.0,2.0,4.0,0,0,0,1,1,1,1,1,1,1,0,1,0,0,1,0
228.0,4.0,2.0,1,0,0,1,0,0,0,1,0,0,1,0,0,1,0,0
270.0,5.0,1.0,0,1,0,1,1,0,1,0,0,1,0,0,0,1,0,1
331.0,5.0,3.0,0,0,1,0,1,0,1,1,0,0,1,1,1,0,0,1
305.0,5.0,2.0,1,1,0,0,1,1,1,1,1,0,1,0,0,0,0,0
303.0,5.0,3.0,0,0,0,1,1,0,1,1,0,0,1,1,1,0,0,0
315.0,4.0,5.0,1,0,1,0,1,1,1,0,1,0,0,0,0,1,0,0
234.0,4.0,2.0,0,0,1,0,0,1,0,0,0,1,1,0,1,0,0,0
309.0,5.0,3.0,1,0,0,0,1,1,0,0,0,0,1,0,1,0,1,1
314.0,5.0,3.0,0,1,1,0,1,0,1,0,1,0,0,0,1,0,0,1
248.0,3.0,3.0,0,0,0,1,0,1,1,0,0,1,0,1,0,0,0,1
392.0,5.0,5.0,1,0,1,1,1,1,0,0,1,1,1,1,0,0,0,1
291.0,4.0,4.0,1,0,0,1,0,0,1,0,0,0,1,0,1,0,0,1
157.0,1.0,3.0,0,0,0,1,0,0,0,0,0,0,1,0,0,0,0,1
236.0,3.0,2.0,1,1,0,0,0,1,0,0,1,1,1,0,0,0,0,1
336.0,4.0,5.0,1,0,1,1,1,0,1,0,0,0,0,1,1,0,1,0
223.0,3.0,1.0,0,1,0,0,1,1,0,0,1,0,1,0,0,1,1,0
401.0,5.0,5.0,0,0,1,1,0,1,1,0,0,1,1,1,1,1,0,1
234.0,2.0,5.0,0,0,1,0,0,1,0,1,1,0,0,0,0,0,0,0
269.0,4.0,4.0,1,1,0,0,1,0,1,0,0,0,0,1,0,0,0,0
255.0,3.0,4.0,0,1,1,0,0,1,1,0,0,1,0,0,0,0,0,1
232.0,3.0,1.0,0,1,1,0,0,0,1,0,0,1,1,1,0,0,1,1
200.0,2.0,1.0,0,0,0,1,0,1,0,0,1,1,0,1,0,1,1,0
284.0,1.0,5.0,0,0,1,1,1,1,0,1,0,1,1,0,1,1,0,0
252.0,1.0,3.0,1,1,1,1,1,0,1,1,1,1,0,0,0,0,1,0
279.0,1.0,4.0,1,1,1,1,0,0,1,1,1,1,0,0,1,1,1,0
305.0,3.0,5.0,0,0,1,0,1,1,1,1,0,0,1,1,0,0,0,1
417.0,5.0,5.0,1,0,1,1,0,1,0,1,1,1,1,1,0,1,1,1
324.0,5.0,2.0,0,1,0,1,1,1,1,0,0,1,1,1,0,1,1,0
239.0,2.0,3.0,1,0,1,1,0,0,1,0,0,1,0,1,1,0,1,0
320.0,3.0,5.0,0,0,1,1,0,0,0,0,1,1,1,1,0,0,1,1
211.0,1.0,5.0,0,0,0,1,0,1,0,0,1,1,0,0,0,0,0,0
205.0,3.0,2.0,1,1,0,1,0,0,1,0,0,1,0,0,0,0,0,0
241.0,2.0,3.0,0,0,1,0,0,0,1,1,0,1,0,1,1,1,1,0
221.0,3.0,1.0,0,1,0,1,0,1,0,0,1,1,0,0,0,0,1,1
298.0,5.0,2.0,1,0,0,1,0,1,0,1,1,0,0,1,1,0,1,0
376.0,4.0,4.0,0,1,1,0,0,1,1,1,1,1,1,0,1,1,1,1
310.0,5.0,1.0,1,1,0,0,0,1,1,1,1,0,1,1,1,0,1,0
247.0,2.0,4.0,0,1,0,0,0,0,1,1,1,1,1,0,0,1,0,0
319.0,3.0,5.0,0,0,1,0,0,1,0,0,1,1,1,1,0,1,1,1
314.0,2.0,4.0,0,1,0,1,1,1,1,1,0,1,1,1,1,0,0,1
300.0,4.0,4.0,0,1,0,1,0,1,1,1,0,0,1,0,0,0,0,1
295.0,4.0,3.0,0,0,1,0,0,0,1,1,0,1,1,1,0,1,1,0
232.0,2.0,2.0,1,0,0,1,0,0,1,1,0,1,0,1,1,0,1,0
284.0,5.0,1.0,0,1,0,1,1,0,1,0,0,0,1,1,1,1,0,0
353.0,4.0,4.0,1,1,1,0,0,1,1,1,0,0,1,1,0,0,1,1
344.0,4.0,5.0,1,0,1,0,0,1,0,1,0,1,1,0,0,1,1,0
164.0,1.0,2.0,0,0,1,0,1,0,1,1,1,0,0,0,1,0,0,0
310.0,4.0,4.0,0,1,0,0,0,1,1,1,0,0,1,1,0,0,1,0
204.0,1.0,4.0,1,0,0,0,1,0,1,0,0,1,0,0,1,0,1,0
289.0,2.0,4.0,1,1,1,1,1,1,1,0,1,0,0,1,0,0,0,0
222.0,1.0,4.0,0,0,1,1,1,0,0,0,0,1,1,0,0,0,1,0
304.0,3.0,4.0,1,1,1,1,0,1,0,0,1,0,0,0,0,1,1,1
275.0,5.0,1.0,0,1,0,1,0,1,1,1,1,1,1,0,0,0,0,0
208.0,1.0,1.0,1,1,0,0,1,0,1,0,1,1,1,1,1,1,0,0
318.0,4.0,4.0,1,0,1,0,0,0,1,0,1,0,0,1,1,0,1,1
321.0,5.0,4.0,1,0,0,0,1,1,0,0,0,1,0,0,0,1,0,1
176.0,1.0,2.0,0,0,0,0,0,1,1,0,0,0,1,0,1,1,0,1
170.0,2.0,1.0,1,0,0,1,1,0,0,0,1,1,1,0,0,0,0,0
334.0,5.0,2.0,1,1,1,0,1,0,0,0,0,1,0,1,1,1,1,1
272.0,1.0,5.0,0,0,1,0,1,0,0,0,1,0,1,1,1,1,1,0
232.0,3.0,2.0,1,0,1,0,1,0,0,1,0,0,0,0,1,1,1,0
295.0,4.0,3.0,1,0,0,1,0,1,1,1,1,1,1,0,0,0,0,0
339.0,5.0,4.0,1,0,1,0,1,1,1,0,1,0,1,0,0,0,0,1
304.0,4.0,3.0,1,1,0,1,1,0,0,1,0,1,1,0,0,1,1,0
349.0,4.0,3.0,1,1,1,1,0,0,0,1,1,0,1,1,1,1,0,1
264.0,3.0,3.0,0,1,1,1,0,0,0,1,0,0,0,1,1,0,1,1
183.0,2.0,2.0,0,0,0,0,0,1,0,0,1,0,1,0,1,0,1,0
306.0,5.0,1.0,0,1,0,0,1,1,0,1,1,1,0,1,0,1,1,0
273.0,3.0,3.0,1,1,0,1,0,1,1,1,1,0,1,0,0,0,0,0
299.0,1.0,3.0,0,0,1,1,1,1,1,1,0,1,1,1,1,1,1,1
199.0,1.0,1.0,0,0,0,0,1,1,0,1,1,1,1,1,1,1,0,0
140.0,1.0,1.0,0,0,0,1,0,0,0,0,1,1,0,1,0,0,0,1
241.0,3.0,4.0,1,0,0,0,0,1,0,1,1,0,1,0,0,0,0,0
169.0,1.0,1.0,0,0,1,1,1,1,1,0,0,1,0,0,0,0,0,1
254.0,3.0,3.0,1,0,1,0,0,0,0,1,0,1,1,1,0,1,0,0
249.0,3.0,4.0,0,0,1,0,1,0,0,0,0,1,0,0,0,0,1,1
295.0,5.0,1.0,1,0,1,1,1,0,0,0,1,1,0,0,1,1,0,1
220.0,3.0,2.0,1,1,1,0,0,1,0,0,0,0,0,1,0,1,0,0
144.0,1.0,1.0,1,1,0,1,0,1,0,0,0,1,0,1,0,0,0,0
328.0,4.0,2.0,0,1,1,1,1,0,1,1,1,1,1,1,1,0,1,0
238.0,3.0,1.0,0,1,1,1,0,1,1,1,0,0,0,1,0,1,1,0
367.0,4.0,3.0,1,0,1,1,1,1,1,0,1,1,1,1,1,1,1,0
270.0,5.0,1.0,0,0,0,0,1,0,1,0,1,0,1,1,0,1,1,0
312.0,5.0,4.0,0,1,0,0,0,1,1,1,0,0,0,0,1,0,1,0
242.0,2.0,2.0,1,0,0,0,0,0,0,1,1,1,1,1,1,1,0,1
295.0,2.0,5.0,0,1,1,1,0,0,1,0,0,1,1,1,0,0,1,1
314.0,3.0,5.0,1,0,1,0,0,0,0,1,1,1,0,1,1,0,1,0
291.0,2.0,1.0,1,1,1,1,1,1,0,0,1,1,1,1,1,1,0,1
230.0,3.0,1.0,0,1,0,0,0,0,1,0,0,1,1,1,1,0,1,1
334.0,3.0,5.0,1,1,1,0,1,0,0,1,0,1,1,0,1,1,0,1
289.0,4.0,4.0,1,0,0,0,0,0,1,0,0,1,0,0,0,1,1,1
350.0,4.0,5.0,1,0,1,1,1,0,0,1,1,0,1,0,0,1,0,1
298.0,3.0,3.0,1,1,1,1,0,0,1,1,0,1,0,0,0,1,1,1
377.0,5.0,4.0,1,0,0,1,1,0,0,1,1,0,1,0,1,1,1,1
250.0,1.0,4.0,1,1,0,1,1,0,1,0,0,0,1,0,1,0,1,0
322.0,5.0,4.0,1,1,0,0,1,0,0,0,0,1,1,1,0,0,0,0
279.0,2.0,5.0,1,1,0,1,0,1,1,0,0,0,0,0,1,0,0,1
294.0,3.0,5.0,1,1,0,0,1,0,0,0,1,1,0,0,1,0,1,0
207.0,1.0,4.0,0,0,0,0,1,0,0,1,1,0,0,1,1,0,1,0
257.0,1.0,4.0,1,0,0,1,1,1,0,0,1,1,0,1,1,1,0,0
275.0,3.0,2.0,1,1,0,1,0,0,1,1,1,0,1,1,1,0,0,0
171.0,1.0,1.0,0,0,0,0,0,1,1,1,0,1,0,0,1,0,1,1
388.0,5.0,5.0,0,0,1,1,0,1,0,1,0,0,1,1,1,1,1,1
274.0,2.0,5.0,0,0,0,1,1,0,0,1,1,1,1,1,0,0,0,0
242.0,3.0,3.0,0,0,1,1,0,0,1,0,1,0,0,0,0,0,1,1
244.0,1.0,5.0,1,0,1,1,1,0,1,0,0,0,1,0,0,1,0,0
237.0,3.0,3.0,1,0,1,0,1,0,1,0,0,0,0,0,0,1,0,0
255.0,3.0,4.0,1,0,0,1,0,1,1,1,0,1,0,0,0,0,0,0
261.0,4.0,2.0,0,0,1,1,0,1,1,1,1,0,0,0,0,1,0,0
255.0,5.0,1.0,0,0,0,0,1,1,0,0,1,0,0,1,0,1,0,1
277.0,1.0,5.0,1,1,1,0,0,1,0,1,0,1,0,0,1,0,1,1
221.0,3.0,3.0,1,0,1,0,1,0,0,0,1,0,1,0,0,0,0,0
295.0,5.0,2.0,0,1,1,0,0,1,1,0,1,1,0,0,0,0,1,0
243.0,3.0,2.0,1,1,1,0,1,1,0,0,1,0,0,0,0,1,1,0
241.0,2.0,4.0,0,1,1,0,1,0,1,0,0,1,0,0,1,0,0,0
340.0,3.0,4.0,1,0,1,1,1,1,0,0,1,1,0,0,1,1,1,1
240.0,3.0,1.0,1,1,1,0,0,0,1,1,1,0,0,1,0,1,0,0
247.0,2.0,1.0,0,1,0,1,0,1,0,0,1,1,1,1,1,1,1,1
303.0,3.0,3.0,1,1,1,1,0,1,1,1,0,1,1,0,1,0,0,0
177.0,1.0,2.0,0,0,0,1,0,1,0,0,0,0,1,1,1,1,0,0
367.0,5.0,4.0,1,0,0,0,1,1,0,1,1,0,1,1,1,1,0,0
319.0,4.0,3.0,0,0,0,1,1,1,1,0,1,1,1,1,1,0,0,0
282.0,5.0,4.0,1,0,0,1,0,0,1,1,0,0,0,0,0,0,0,0
188.0,1.0,1.0,0,1,0,0,1,1,0,1,0,1,0,1,1,1,0,0
343.0,5.0,5.0,0,0,0,0,0,1,1,0,1,0,1,0,1,1,1,0
366.0,5.0,5.0,1,0,1,0,1,0,1,1,0,1,0,1,0,0,1,0
251.0,2.0,5.0,0,0,0,0,1,0,0,1,0,1,1,0,0,1,0,0
219.0,1.0,2.0,0,1,0,1,0,0,0,1,0,1,1,1,1,0,1,1
305.0,3.0,4.0,1,0,0,1,0,1,1,1,0,1,1,1,0,0,1,0
122.0,1.0,1.0,0,0,0,0,0,1,1,0,0,0,1,0,0,1,0,0
177.0,2.0,2.0,0,1,0,0,0,1,0,1,0,1,0,1,0,0,0,0
286.0,4.0,5.0,1,1,0,0,0,0,1,1,0,0,0,1,0,0,0,0
237.0,4.0,1.0,1,0,0,0,0,0,1,1,0,1,1,0,0,1,1,0
345.0,3.0,5.0,1,1,1,0,0,0,1,1,0,1,0,1,1,1,0,1
288.0,4.0,2.0,0,0,1,0,1,0,0,0,1,0,1,1,1,1,1,1
217.0,1.0,5.0,0,1,0,0,0,0,1,0,1,1,0,0,0,1,0,0
229.0,2.0,4.0,0,0,1,1,1,0,0,0,1,0,1,0,0,0,0,0
290.0,5.0,2.0,0,1,0,1,1,1,0,0,0,1,1,0,0,0,0,1
221.0,3.0,1.0,1,0,0,0,0,0,0,1,0,1,1,1,0,1,1,0
362.0,4.0,5.0,1,0,1,1,1,1,0,1,0,1,1,0,1,1,0,0
357.0,2.0,5.0,0,1,1,1,1,1,1,0,0,1,1,1,1,1,1,1
285.0,2.0,4.0,0,0,1,1,0,0,1,0,1,0,1,1,1,1,0,1
217.0,1.0,3.0,0,0,1,1,1,0,1,0,1,1,0,1,0,0,0,0
205.0,1.0,1.0,1,1,0,0,1,1,0,1,0,1,0,1,0,0,1,1
232.0,1.0,2.0,1,1,0,1,0,1,1,0,1,0,0,1,1,1,0,1
337.0,3.0,5.0,1,0,1,1,0,0,1,1,1,1,1,1,0,0,0,0
186.0,1.0,2.0,0,0,1,1,0,0,0,1,0,1,1,1,0,1,0,0
243.0,3.0,1.0,1,1,1,1,0,1,1,0,0,0,1,0,1,0,1,0
297.0,3.0,1.0,1,1,1,1,0,1,0,0,1,1,1,1,0,1,1,1
351.0,5.0,5.0,1,1,1,0,0,1,0,1,1,0,1,0,0,0,0,0
289.0,2.0,4.0,1,0,0,0,1,1,0,1,0,1,1,1,0,1,1,1
266.0,3.0,2.0,1,0,1,1,1,1,1,0,0,1,0,1,0,1,0,0
315.0,2.0,3.0,0,1,1,1,1,1,0,1,1,1,1,0,1,0,1,1
294.0,2.0,5.0,0,0,1,0,1,1,1,0,1,0,1,0,1,0,0,1
350.0,3.0,5.0,1,0,1,1,1,0,1,0,1,1,0,1,0,0,1,1
295.0,1.0,5.0,1,0,1,1,1,1,0,1,1,1,1,0,0,0,0,1
293.0,2.0,3.0,0,1,1,0,1,1,1,1,0,1,1,0,1,1,0,1
302.0,4.0,2.0,0,0,0,1,1,1,1,1,0,0,0,1,1,0,1,1
232.0,3.0,1.0,0,0,1,0,1,1,0,0,0,1,1,1,0,1,0,1
372.0,5.0,5.0,1,0,1,1,0,1,1,0,1,0,1,1,1,0,0,0
223.0,2.0,1.0,0,0,1,0,1,0,1,1,1,0,1,0,1,1,1,0
267.0,3.0,5.0,1,0,0,0,1,0,0,1,0,0,1,0,0,1,0,0
261.0,2.0,4.0,1,0,0,0,0,1,0,0,0,0,1,1,0,1,1,1
304.0,3.0,3.0,0,1,1,1,0,1,0,1,0,1,1,1,1,1,0,0
285.0,2.0,3.0,1,1,0,1,0,0,1,1,0,0,1,1,0,1,1,1
306.0,3.0,2.0,1,1,1,1,1,1,1,0,1,1,1,0,1,0,0,1
268.0,4.0,3.0,1,0,0,1,1,0,0,0,1,0,0,1,0,1,0,0
182.0,1.0,2.0,1,1,1,0,0,1,1,0,0,0,0,0,0,1,0,0
208.0,1.0,3.0,0,1,0,0,0,0,1,1,1,1,0,0,0,1,1,0
178.0,1.0,2.0,1,1,0,0,1,0,0,0,0,0,0,1,1,1,1,0
283.0,4.0,5.0,0,0,0,0,1,0,0,1,0,0,0,0,1,0,0,1
372.0,5.0,4.0,1,0,1,1,0,0,0,0,1,1,1,1,1,1,1,0
277.0,4.0,3.0,0,0,1,1,0,1,1,0,0,0,1,0,0,1,1,0
347.0,3.0,4.0,1,0,1,1,1,1,1,0,1,0,0,0,1,1,1,1
279.0,5.0,2.0,0,1,1,1,0,0,1,1,0,0,0,0,0,1,1,0
265.0,2.0,3.0,1,0,0,0,1,1,1,1,0,1,1,0,1,0,0,1
372.0,5.0,3.0,1,0,1,1,1,1,1,1,1,1,1,1,0,0,0,0
253.0,3.0,2.0,1,1,1,0,0,1,1,0,1,0,0,0,0,0,1,1
250.0,1.0,5.0,1,0,1,1,1,0,0,1,0,0,0,1,1,0,0,0
234.0,2.0,5.0,0,0,0,0,0,0,0,1,0,0,0,1,0,1,1,1
206.0,2.0,2.0,0,1,1,1,0,0,0,1,0,0,1,0,0,0,1,1
233.0,2.0,2.0,0,1,1,1,0,1,1,1,0,1,1,0,0,0,1,0
280.0,2.0,5.0,1,1,1,0,0,0,1,0,0,0,0,0,1,1,0,1
354.0,4.0,4.0,1,0,1,1,0,1,0,1,0,1,1,1,1,0,0,1
305.0,3.0,5.0,0,0,0,1,1,1,0,1,0,0,0,1,1,0,1,0
165.0,2.0,1.0,0,0,0,1,0,0,0,1,1,1,0,0,1,0,0,0
307.0,3.0,4.0,0,1,1,1,0,0,1,0,0,1,0,1,0,1,1,1
308.0,4.0,3.0,1,1,1,1,0,0,1,0,1,1,1,0,0,1,0,0
334.0,5.0,5.0,0,0,1,0,0,1,0,1,0,1,0,1,1,0,0,0
235.0,3.0,1.0,0,0,1,1,1,1,0,0,1,0,0,1,1,0,1,0
257.0,3.0,2.0,1,0,0,0,1,0,0,1,0,1,0,1,0,1,1,1
233.0,5.0,2.0,0,0,1,0,0,0,1,0,0,0,0,0,0,0,1,0
323.0,4.0,3.0,1,0,1,1,1,1,1,1,0,1,0,1,1,0,0,0
253.0,3.0,4.0,1,0,1,1,0,1,1,0,0,0,0,0,0,0,0,0
292.0,2.0,4.0,1,0,0,1,1,1,1,0,0,0,1,1,0,0,1,1
357.0,4.0,5.0,1,1,1,1,1,0,0,0,0,1,1,0,0,1,0,1
203.0,2.0,2.0,0,1,0,1,0,0,0,1,0,1,1,0,0,0,0,1
313.0,3.0,5.0,0,1,1,1,0,1,0,1,1,1,0,0,0,1,0,0
227.0,2.0,2.0,1,0,1,0,1,0,0,1,0,1,1,1,0,0,0,1
252.0,2.0,1.0,1,0,1,1,1,1,1,1,1,0,0,0,0,1,1,1
262.0,2.0,1.0,0,1,1,0,1,1,1,1,1,1,1,1,0,0,1,0
331.0,5.0,3.0,1,0,1,1,0,0,0,1,1,1,0,1,0,1,0,0
341.0,5.0,3.0,1,0,0,1,0,1,1,1,1,0,0,1,0,0,1,1
359.0,4.0,5.0,1,1,1,0,1,1,0,0,1,1,1,0,0,1,1,0
262.0,5.0,1.0,1,0,0,0,0,0,1,0,0,1,1,0,0,1,1,1
285.0,3.0,2.0,0,0,1,0,1,1,1,0,1,1,1,0,0,1,1,1
227.0,1.0,4.0,0,1,1,1,0,1,0,0,0,1,1,0,1,0,0,0
219.0,3.0,2.0,1,0,1,1,1,0,0,0,0,0,1,0,0,0,0,1
291.0,1.0,4.0,0,0,1,1,1,0,1,1,1,1,1,1,0,1,0,1
266.0,3.0,4.0,0,0,0,0,0,0,1,1,1,0,0,1,0,0,1,1
306.0,5.0,4.0,1,0,0,0,0,1,0,1,1,0,1,0,0,1,0,0
267.0,5.0,2.0,1,0,0,1,0,1,0,0,0,0,0,1,0,0,1,0
235.0,1.0,3.0,1,0,1,0,1,0,0,1,1,0,1,1,0,0,1,1
327.0,4.0,5.0,0,0,0,1,0,0,1,0,1,0,0,1,0,1,1,1
220.0,4.0,1.0,0,1,1,0,0,1,0,1,0,0,1,0,1,0,0,0
250.0,1.0,5.0,0,0,1,0,1,1,0,0,0,0,0,0,1,1,1,1
266.0,3.0,4.0,1,0,0,0,0,0,0,0,0,1,1,1,1,0,1,0
245.0,1.0,4.0,1,0,0,1,0,0,1,0,0,0,1,1,1,0,1,1
320.0,5.0,2.0,0,0,1,1,1,1,1,1,1,1,1,0,0,0,0,0
318.0,5.0,2.0,1,0,1,1,0,0,0,1,1,1,0,1,1,1,0,0
294.0,1.0,4.0,0,1,0,1,1,1,1,1,1,1,1,0,1,0,0,1
325.0,4.0,4.0,1,1,0,1,0,0,1,0,1,0,1,1,0,0,1,0
331.0,4.0,3.0,1,0,1,1,0,1,0,1,1,1,0,0,1,1,0,1
229.0,3.0,2.0,0,0,1,0,0,1,0,1,0,1,1,1,0,0,0,1
252.0,4.0,1.0,0,0,1,0,1,1,1,1,0,1,0,0,1,0,0,1
276.0,4.0,2.0,1,0,1,0,0,1,1,1,0,0,0,1,1,0,0,1
190.0,1.0,1.0,0,0,1,1,0,1,1,0,1,1,1,0,0,1,1,0
332.0,3.0,4.0,1,1,1,0,1,0,1,1,1,0,1,0,1,0,0,1
274.0,2.0,4.0,0,1,0,1,0,0,0,1,0,1,0,1,1,1,0,1
251.0,3.0,3.0,0,0,0,0,0,0,1,1,0,0,0,1,1,1,1,1
223.0,3.0,1.0,1,0,1,0,0,0,0,1,1,1,1,0,0,1,0,1
172.0,2.0,1.0,1,1,1,0,0,1,1,0,0,0,0,0,1,0,0,0
263.0,4.0,2.0,0,1,1,0,1,0,1,1,1,0,0,0,0,0,1,0
251.0,2.0,4.0,0,0,0,1,1,0,1,0,1,1,1,0,1,0,0,0
204.0,2.0,2.0,1,0,0,1,0,0,0,0,1,1,1,0,0,1,1,0
222.0,2.0,2.0,0,0,1,1,0,1,1,0,0,0,1,1,0,0,1,0
261.0,2.0,4.0,1,1,1,0,0,0,0,1,0,1,1,0,1,0,1,0
228.0,2.0,3.0,0,1,0,0,0,1,1,1,0,0,1,0,1,0,1,0
236.0,1.0,2.0,1,1,0,1,0,1,0,0,1,0,1,1,1,1,1,0
308.0,3.0,4.0,1,0,1,1,1,0,0,1,0,1,0,1,1,1,0,0
217.0,2.0,1.0,0,0,1,0,0,1,0,1,1,1,1,1,0,0,1,1
198.0,1.0,3.0,0,1,0,0,0,1,1,0,0,0,1,1,0,0,0,1
179.0,1.0,2.0,0,1,0,1,0,0,0,0,1,0,1,1,0,0,1,1
375.0,4.0,5.0,0,1,1,1,1,0,1,1,0,1,1,1,0,0,1,1
160.0,1.0,1.0,0,0,0,1,0,1,1,1,0,0,0,0,1,0,1,1
262.0,2.0,4.0,0,0,0,0,0,1,1,1,0,1,0,1,1,1,1,0
323.0,5.0,2.0,1,1,0,1,1,1,0,1,0,1,0,1,1,0,1,0
308.0,4.0,3.0,1,1,1,1,0,0,0,1,0,0,0,1,1,1,1,0
292.0,3.0,3.0,1,1,1,0,0,1,0,1,1,0,0,1,1,1,0,0
295.0,3.0,5.0,0,0,0,0,1,1,0,0,1,1,0,0,1,0,1,1
251.0,4.0,1.0,0,0,0,0,0,0,1,1,0,1,1,0,1,1,0,1
203.0,1.0,1.0,1,0,1,0,0,0,1,1,1,0,0,1,1,1,0,1
263.0,1.0,5.0,0,1,1,0,1,0,1,0,0,0,0,1,1,1,1,0
285.0,4.0,2.0,1,0,0,1,0,1,1,1,1,0,0,1,0,1,0,1
330.0,3.0,5.0,1,0,0,0,1,0,1,1,0,1,1,0,0,1,1,1
231.0,5.0,1.0,1,0,0,0,0,1,1,0,0,0,0,0,0,1,0,1
249.0,1.0,4.0,1,0,1,0,1,1,1,1,0,1,1,0,0,0,0,0
241.0,3.0,2.0,0,0,0,1,0,0,0,0,0,1,1,1,0,1,1,1
198.0,1.0,3.0,0,1,0,1,1,1,1,0,0,0,1,0,0,0,0,1
335.0,3.0,5.0,0,0,1,0,1,1,1,0,1,0,1,1,0,0,1,1
241.0,2.0,3.0,0,1,1,0,1,1,0,1,0,0,0,1,0,1,0,0
292.0,2.0,4.0,0,1,1,0,1,0,1,0,1,1,1,0,1,1,0,1
328.0,4.0,4.0,0,1,0,1,0,0,1,1,0,0,1,0,1,1,1,1
357.0,4.0,5.0,1,1,0,1,0,0,1,1,1,0,1,0,1,0,0,1
350.0,3.0,5.0,0,1,0,1,1,1,1,1,1,1,0,1,0,1,0,0
225.0,2.0,4.0,0,0,1,1,0,0,0,0,0,0,0,0,1,1,0,1
273.0,3.0,4.0,0,0,1,0,1,0,0,1,0,1,0,0,1,0,1,1
232.0,3.0,2.0,0,0,0,0,0,1,0,0,0,1,0,0,1,1,1,1
206.0,1.0,1.0,1,1,1,1,1,0,1,1,0,1,0,0,1,1,0,0
293.0,4.0,4.0,0,1,0,1,0,0,1,0,0,1,0,0,0,1,1,1
314.0,5.0,3.0,0,1,0,1,0,1,1,1,0,0,1,1,0,0,0,0
248.0,3.0,1.0,1,0,1,1,1,0,1,0,0,1,1,1,0,1,0,0
341.0,4.0,4.0,1,0,1,1,0,0,1,0,1,0,1,1,0,1,1,0
197.0,2.0,2.0,1,1,1,1,0,0,1,0,0,0,0,0,0,1,0,0
152.0,1.0,1.0,0,0,0,1,0,0,0,0,1,0,1,1,0,1,1,0
185.0,1.0,3.0,0,1,0,1,0,0,0,0,0,0,1,1,0,0,1,1
341.0,5.0,5.0,0,0,1,1,1,0,1,1,0,1,0,0,0,0,0,1
225.0,2.0,3.0,0,0,1,1,0,1,0,0,0,1,1,0,1,0,0,0
349.0,5.0,2.0,1,0,1,1,0,1,1,1,1,0,1,0,1,1,1,0
183.0,1.0,2.0,1,0,1,0,0,0,0,0,1,0,0,1,0,1,1,1
391.0,4.0,5.0,1,1,0,1,0,1,1,1,1,1,1,1,0,1,0,0
289.0,5.0,1.0,0,1,1,1,1,0,0,0,0,0,1,1,1,0,1,0
246.0,5.0,1.0,0,0,0,1,0,0,1,0,0,1,1,0,0,1,0,0
306.0,5.0,1.0,0,1,0,1,1,1,1,1,0,0,1,0,0,1,1,0
237.0,2.0,3.0,0,1,0,1,0,0,0,0,0,1,1,0,1,0,1,1
361.0,5.0,5.0,0,1,0,0,1,0,1,0,1,0,0,1,1,1,1,0
330.0,5.0,3.0,0,0,1,0,1,1,0,1,0,1,1,0,0,1,0,1
230.0,1.0,3.0,0,0,1,1,0,1,1,1,1,0,0,0,0,1,1,0
236.0,2.0,2.0,1,0,1,0,0,0,0,1,1,0,0,1,1,1,1,0
289.0,4.0,3.0,1,0,1,0,1,0,0,1,0,1,0,1,0,1,1,0
241.0,3.0,2.0,1,1,0,0,1,1,0,0,0,0,0,0,1,1,0,1
285.0,4.0,2.0,1,0,0,0,0,0,1,1,1,1,1,0,0,1,1,1
314.0,5.0,3.0,0,0,0,0,0,1,0,1,1,1,1,0,0,1,0,1
305.0,5.0,2.0,1,0,0,0,1,1,0,1,1,1,0,0,1,1,0,0
298.0,5.0,1.0,1,0,1,0,1,0,0,1,0,1,1,1,1,0,0,1
279.0,4.0,1.0,0,1,0,1,0,1,0,1,1,0,1,0,1,1,0,1
300.0,5.0,3.0,0,1,0,1,0,1,1,0,0,0,0,0,1,1,0,1
210.0,1.0,2.0,1,0,1,0,1,1,1,1,1,1,0,0,0,0,0,1
363.0,5.0,5.0,1,0,1,1,0,0,0,1,0,1,1,0,1,1,0,0
259.0,2.0,4.0,0,1,0,1,1,1,1,0,1,0,0,1,0,0,0,0
247.0,1.0,3.0,0,1,1,0,0,1,0,1,1,0,1,0,1,1,1,0
240.0,1.0,5.0,0,0,1,0,0,0,0,1,0,0,1,1,1,0,1,1
257.0,1.0,5.0,1,0,0,1,0,1,0,0,1,1,1,1,0,1,0,0
326.0,3.0,4.0,1,0,0,1,0,1,1,1,0,1,1,0,1,1,0,1
288.0,3.0,5.0,0,0,0,1,0,1,0,1,1,0,1,1,0,1,0,0
282.0,3.0,1.0,1,0,1,0,1,1,1,0,1,0,1,1,1,1,1,0
209.0,2.0,1.0,1,0,1,1,0,1,1,0,1,1,0,0,1,0,0,0
272.0,2.0,5.0,1,0,1,1,1,0,0,0,0,0,0,1,0,0,1,1
250.0,1.0,3.0,0,1,1,1,1,1,1,1,1,0,1,1,0,0,0,0
329.0,3.0,4.0,0,1,1,0,1,1,1,0,1,1,1,0,1,0,1,1
319.0,5.0,2.0,0,1,0,1,0,1,0,1,1,1,1,1,0,0,0,1
179.0,2.0,3.0,0,0,0,1,0,0,0,0,0,0,1,0,0,0,1,1
319.0,3.0,2.0,0,1,1,1,0,1,1,1,1,1,0,1,1,1,1,0
337.0,5.0,3.0,1,1,0,1,1,0,0,1,1,1,1,0,0,1,0,0
247.0,4.0,2.0,0,1,0,0,1,1,0,0,0,1,1,0,1,0,0,0
292.0,4.0,3.0,0,1,0,1,0,0,1,1,0,0,1,0,0,0,1,1
276.0,2.0,4.0,1,1,0,0,1,0,1,1,0,0,0,1,0,1,1,1
265.0,1.0,3.0,1,1,1,0,1,0,1,1,1,0,1,0,0,1,1,1
223.0,3.0,1.0,0,1,0,1,0,0,0,1,0,1,1,0,1,0,1,0
281.0,2.0,4.0,0,1,0,1,1,0,0,1,0,1,1,1,1,0,1,0
278.0,1.0,5.0,1,0,1,1,0,1,1,0,0,0,0,1,1,1,1,0
185.0,1.0,1.0,0,0,0,1,0,1,0,1,1,1,1,1,0,1,0,0
209.0,1.0,4.0,0,1,0,0,0,1,0,0,1,0,0,0,1,1,1,0
222.0,5.0,1.0,1,0,0,1,0,0,0,0,1,1,0,0,0,0,0,0
257.0,1.0,5.0,0,1,1,0,0,0,0,1,0,1,0,0,1,1,1,0
256.0,5.0,1.0,1,1,1,0,0,0,1,0,1,0,0,0,1,0,0,0
247.0,4.0,3.0,0,0,0,1,0,0,0,1,0,1,0,0,1,0,1,0
296.0,4.0,2.0,1,1,1,0,0,0,0,1,1,1,1,1,0,0,0,1
240.0,1.0,5.0,0,1,1,0,1,0,1,1,0,0,1,0,0,0,0,0
272.0,1.0,3.0,1,1,1,1,0,1,1,0,1,1,0,1,1,1,0,0
180.0,1.0,5.0,1,0,0,0,0,0,0,0,0,0,0,0,1,0,1,0
293.0,4.0,2.0,0,0,1,0,1,1,1,0,1,1,1,0,0,1,0,1
297.0,5.0,2.0,0,1,0,1,0,0,1,1,0,1,1,0,1,0,1,0
317.0,5.0,5.0,0,0,0,0,1,0,1,0,1,0,0,0,1,0,0,1
401.0,5.0,5.0,1,1,0,1,0,1,0,1,1,1,0,0,1,1,0,1
313.0,5.0,4.0,0,0,0,1,0,0,1,1,1,0,0,0,0,1,1,0
314.0,3.0,5.0,1,1,0,0,1,1,1,0,0,1,0,1,0,1,0,0
291.0,5.0,2.0,0,0,1,0,0,1,1,0,1,0,0,1,0,1,0,1
301.0,2.0,5.0,1,1,1,1,1,0,0,0,0,1,1,0,0,1,1,0
262.0,4.0,1.0,0,0,1,0,1,0,1,1,1,1,0,0,1,0,1,0
287.0,1.0,5.0,1,0,1,0,0,0,1,1,1,1,1,1,0,1,0,1
265.0,1.0,4.0,1,1,0,0,1,0,1,1,1,0,0,1,1,0,1,0
336.0,3.0,5.0,0,0,0,0,0,1,1,1,1,1,1,1,0,1,1,1
249.0,2.0,2.0,0,0,0,0,1,1,0,1,0,1,1,1,1,1,1,1
179.0,1.0,1.0,0,1,0,1,1,1,0,0,0,0,1,0,1,1,0,1
228.0,2.0,1.0,1,1,1,1,0,1,0,1,1,0,1,0,1,1,0,0
359.0,5.0,3.0,1,1,1,1,1,0,1,0,0,0,1,0,1,1,1,1
329.0,5.0,4.0,1,0,1,0,0,1,1,0,1,0,0,1,0,1,0,0
309.0,3.0,4.0,1,0,1,0,1,1,1,1,0,1,1,0,0,0,1,0
283.0,4.0,4.0,1,0,1,0,0,0,1,0,1,1,1,0,0,0,0,0
226.0,1.0,2.0,1,1,0,0,1,0,1,1,0,1,0,1,1,0,0,1
243.0,2.0,4.0,1,0,0,0,0,1,1,0,0,1,1,0,0,1,1,0
251.0,2.0,5.0,0,1,1,0,1,0,0,0,1,1,0,1,0,0,0,0
355.0,3.0,5.0,1,0,0,1,1,0,1,1,1,1,1,0,1,1,0,1
377.0,4.0,3.0,0,1,0,1,1,1,1,1,0,1,1,1,1,1,1,1
337.0,5.0,2.0,0,1,0,0,1,1,1,1,1,1,1,0,1,1,0,0
298.0,4.0,1.0,1,1,0,0,1,1,1,1,0,0,1,1,1,1,0,1
218.0,2.0,1.0,1,0,0,1,0,0,0,1,0,1,1,1,0,1,1,1
198.0,2.0,1.0,0,1,1,1,0,0,1,1,0,1,0,0,1,1,0,0
263.0,5.0,2.0,0,1,1,0,0,0,0,1,0,0,0,0,0,1,1,1
217.0,1.0,1.0,0,0,1,1,0,0,1,1,0,1,0,1,1,1,1,1
240.0,4.0,3.0,0,1,0,0,0,0,0,0,0,0,1,1,1,0,0,0
212.0,2.0,2.0,0,0,0,0,0,1,0,0,1,1,1,1,1,0,1,0
344.0,4.0,5.0,1,0,1,1,0,1,0,1,1,0,0,1,0,0,1,0
364.0,4.0,4.0,1,1,0,0,1,1,0,1,0,0,1,1,1,1,1,1
231.0,2.0,4.0,0,0,1,0,0,1,1,0,1,0,0,0,0,0,0,1
281.0,4.0,2.0,0,1,0,1,1,0,0,0,1,0,1,0,1,1,0,1
328.0,2.0,5.0,0,1,1,1,1,1,1,0,1,1,0,0,0,1,1,1
332.0,4.0,3.0,1,1,0,1,0,0,1,1,1,1,0,1,0,1,1,0
297.0,3.0,4.0,0,0,0,1,1,0,0,1,1,0,1,1,1,0,1,0
260.0,2.0,5.0,0,1,1,0,0,1,0,0,0,1,1,0,0,0,0,1
386.0,5.0,5.0,0,1,0,1,1,1,1,1,0,0,1,1,1,0,0,1
359.0,4.0,4.0,1,0,1,0,1,1,1,0,1,1,1,0,1,1,1,0
241.0,3.0,1.0,0,1,0,1,1,0,1,1,0,0,1,0,1,0,1,0
285.0,4.0,2.0,0,1,1,0,0,0,1,1,0,0,1,0,1,1,0,1
362.0,5.0,5.0,0,0,1,1,1,1,1,1,1,0,0,0,0,0,1,0
223.0,2.0,2.0,1,0,1,1,0,0,0,1,0,0,1,0,1,1,1,0
316.0,2.0,5.0,0,1,1,0,1,0,0,1,0,1,0,1,1,1,1,1
189.0,1.0,2.0,0,0,0,1,1,0,0,1,1,0,0,1,1,0,1,0
252.0,2.0,1.0,1,1,1,1,1,0,1,0,0,1,1,1,1,1,0,0
189.0,1.0,1.0,0,0,0,1,0,1,1,1,1,1,1,0,0,1,0,1
276.0,3.0,5.0,0,1,1,0,1,0,0,0,0,0,1,0,0,0,0,1
193.0,1.0,1.0,0,1,0,1,0,1,1,1,0,1,0,0,1,0,1,1
307.0,1.0,5.0,1,1,1,1,0,1,0,0,1,1,1,1,1,1,0,0
226.0,1.0,4.0,0,1,0,0,0,1,1,1,1,0,0,1,0,0,0,1
276.0,3.0,5.0,1,0,0,1,0,1,1,1,0,0,0,0,1,0,0,0
287.0,1.0,5.0,1,1,0,0,1,1,0,0,1,1,1,1,0,1,1,0
215.0,1.0,5.0,0,0,1,0,1,0,0,1,1,0,0,0,1,0,0,0
198.0,3.0,3.0,0,0,0,0,0,1,0,1,0,0,0,0,0,0,0,1
264.0,1.0,1.0,0,1,1,1,1,1,1,1,1,1,1,1,1,1,0,1
228.0,3.0,2.0,0,1,1,1,1,0,1,0,0,0,1,0,0,0,0,0
246.0,3.0,4.0,0,0,1,0,0,0,0,0,0,0,1,0,1,1,0,1
229.0,2.0,3.0,0,1,0,1,1,1,0,0,0,0,0,1,1,0,1,0
340.0,5.0,2.0,1,1,0,1,1,1,0,0,0,1,1,1,1,1,0,1
352.0,5.0,4.0,0,0,0,1,1,1,0,1,1,1,0,0,1,1,1,0
223.0,2.0,2.0,0,1,1,0,1,0,0,1,1,0,0,0,1,1,0,1
298.0,1.0,5.0,1,0,0,1,1,1,1,1,0,1,1,1,1,0,0,1
360.0,4.0,5.0,0,0,0,1,1,0,0,1,1,1,1,1,0,0,1,1
191.0,2.0,2.0,0,0,0,0,0,0,1,1,0,1,0,0,1,1,1,0
287.0,3.0,5.0,0,1,0,0,0,1,0,1,0,1,0,1,0,0,0,1
220.0,1.0,4.0,0,0,1,1,1,1,1,0,0,0,0,0,0,0,1,1
290.0,4.0,3.0,0,1,1,1,1,0,0,0,0,1,1,0,0,1,0,0
258.0,2.0,4.0,0,1,0,1,0,0,0,1,1,0,1,1,1,0,0,0
228.0,1.0,5.0,1,0,0,0,0,0,0,1,0,1,1,0,0,0,1,1
246.0,3.0,2.0,0,1,0,0,0,1,0,0,0,1,0,1,1,0,1,1
212.0,1.0,4.0,0,1,1,0,0,0,0,0,0,0,1,0,1,0,1,1
342.0,5.0,2.0,1,1,0,0,0,1,0,1,1,1,0,1,0,1,1,1
377.0,4.0,5.0,1,1,0,1,1,0,0,1,0,1,1,0,1,1,1,1
386.0,4.0,4.0,0,1,1,1,1,1,1,1,1,1,1,1,0,0,1,1
275.0,3.0,1.0,1,1,1,0,1,1,1,1,0,1,0,0,0,1,1,1
260.0,2.0,2.0,1,1,1,0,1,0,1,0,1,0,1,1,0,1,1,0
264.0,1.0,4.0,1,1,0,0,0,1,0,1,1,0,0,1,1,1,1,0
319.0,2.0,4.0,1,1,1,0,1,1,1,0,1,0,0,1,1,0,1,1
382.0,5.0,4.0,1,1,1,1,1,1,0,0,0,1,1,0,0,1,0,1
271.0,4.0,2.0,0,1,1,0,0,1,0,0,0,1,1,0,1,1,0,1
258.0,4.0,3.0,0,0,1,0,1,0,0,0,0,1,1,0,0,0,0,1
321.0,4.0,5.0,1,1,1,0,0,1,0,0,0,1,0,1,1,0,0,0
188.0,3.0,1.0,0,0,0,1,1,0,0,1,0,0,0,1,1,0,0,0
329.0,5.0,2.0,0,1,1,1,0,0,1,1,1,1,0,1,1,0,0,1
299.0,3.0,4.0,0,0,0,1,1,0,1,0,1,1,0,1,0,1,1,1
238.0,2.0,3.0,0,1,0,0,0,0,1,0,0,1,1,0,0,1,1,1
259.0,3.0,2.0,1,1,1,0,1,0,0,0,0,0,1,1,0,1,1,1
300.0,2.0,3.0,1,1,1,0,1,1,0,1,1,1,1,0,0,1,0,1
400.0,5.0,5.0,1,0,0,1,1,1,1,1,0,0,1,1,1,1,0,0
251.0,3.0,1.0,1,1,1,0,0,1,0,1,0,1,1,1,1,0,0,0
226.0,1.0,2.0,0,1,0,1,0,0,1,1,1,1,0,0,1,1,1,1
267.0,2.0,5.0,1,0,0,1,0,1,0,1,1,0,0,0,0,0,1,1
230.0,3.0,2.0,1,1,0,1,0,0,0,0,0,1,0,1,0,0,1,1
326.0,3.0,5.0,0,0,0,1,0,1,0,1,1,1,1,1,0,1,1,0
296.0,5.0,3.0,1,0,0,0,0,0,0,1,0,0,0,1,1,1,1,0
316.0,3.0,4.0,1,1,0,1,1,0,0,1,1,0,1,1,0,0,0,1
285.0,5.0,2.0,1,0,0,1,0,0,0,0,1,1,0,0,1,0,1,1
329.0,5.0,4.0,0,0,0,0,1,1,0,0,1,0,1,0,1,1,0,1
282.0,2.0,5.0,0,1,0,1,1,0,1,1,1,1,0,0,0,0,0,0
284.0,5.0,4.0,0,1,0,0,0,0,0,0,1,0,0,0,1,0,0,1
253.0,3.0,4.0,0,0,0,0,0,1,0,1,0,1,1,1,0,0,0,0
358.0,1.0,5.0,1,1,1,0,0,1,1,1,1,1,1,1,1,1,1,1
256.0,2.0,4.0,0,0,0,0,0,1,1,1,0,0,0,0,1,1,1,1
231.0,3.0,2.0,1,0,1,0,1,0,1,0,0,1,1,0,0,0,0,1
298.0,1.0,4.0,0,0,1,0,1,1,1,1,1,1,1,1,0,1,1,1
274.0,3.0,4.0,1,1,0,0,0,0,1,0,0,1,1,0,0,0,1,1
283.0,1.0,5.0,0,1,1,1,0,0,1,1,1,0,1,0,1,0,1,1
175.0,1.0,1.0,1,0,0,1,1,1,0,0,1,0,1,0,0,1,0,0
235.0,4.0,1.0,0,0,1,1,0,0,1,0,0,1,1,1,0,0,0,0
241.0,3.0,2.0,0,1,0,0,0,1,0,0,0,1,1,1,0,1,1,0
292.0,3.0,4.0,1,0,0,1,0,1,1,1,0,0,0,1,1,1,0,0
159.0,1.0,2.0,0,0,0,1,0,1,0,1,0,0,0,1,1,0,0,0
256.0,5.0,2.0,1,0,0,0,0,0,0,0,0,1,1,0,0,1,0,1
220.0,3.0,3.0,1,0,0,0,0,1,0,0,0,0,1,0,0,0,1,0
257.0,1.0,5.0,0,1,0,0,1,1,0,0,1,1,1,1,0,1,0,0
278.0,2.0,5.0,1,0,1,1,0,0,1,0,0,0,1,0,0,0,1,1
301.0,5.0,3.0,0,0,1,1,0,1,0,1,0,1,0,0,1,0,1,0
259.0,4.0,1.0,0,1,1,1,0,1,0,0,0,1,0,0,1,1,1,0
328.0,4.0,4.0,0,0,0,1,0,0,1,1,1,1,1,0,1,1,0,1
290.0,4.0,4.0,0,1,0,0,1,0,1,1,0,0,0,0,1,0,1,0
283.0,2.0,5.0,1,0,0,1,1,0,0,1,1,0,0,1,1,1,0,0
297.0,4.0,4.0,1,0,1,0,0,1,1,1,0,0,0,0,1,0,0,1
329.0,4.0,2.0,1,1,0,0,1,1,1,1,0,1,0,1,1,1,1,0
131.0,2.0,1.0,0,0,0,0,0,1,0,0,0,0,1,0,1,0,0,0
231.0,1.0,5.0,1,0,1,0,0,0,1,0,0,1,0,0,1,0,0,1
239.0,3.0,2.0,1,0,0,1,1,1,0,1,1,0,0,0,1,0,0,0
256.0,3.0,3.0,1,1,0,0,1,0,0,0,1,0,1,0,1,0,0,1
295.0,3.0,4.0,1,0,1,0,0,1,1,0,1,1,0,0,1,0,1,0
226.0,2.0,5.0,0,0,1,0,0,0,1,0,0,0,0,1,0,0,0,1
273.0,3.0,3.0,1,1,0,0,0,1,0,0,0,1,1,1,0,0,1,1
327.0,5.0,1.0,0,0,0,1,1,1,1,1,1,0,1,0,1,1,1,1
276.0,3.0,2.0,1,0,1,0,0,1,0,1,1,0,0,1,1,0,1,1
320.0,5.0,1.0,0,0,1,1,1,1,1,0,0,1,1,1,0,1,1,0
263.0,3.0,2.0,1,1,1,1,0,0,1,0,0,1,0,0,1,0,1,1
310.0,1.0,4.0,1,1,1,0,1,0,1,1,1,1,0,0,1,1,1,1
364.0,4.0,3.0,0,0,1,1,1,1,1,1,1,1,1,1,0,1,1,0
310.0,5.0,3.0,0,0,0,1,0,0,0,1,0,0,1,1,1,1,1,0
134.0,1.0,1.0,0,0,1,0,1,1,0,0,1,0,0,0,0,1,0,0
190.0,1.0,1.0,1,1,0,0,1,0,1,1,1,1,0,1,0,0,0,0
327.0,5.0,2.0,1,1,1,1,0,0,0,1,1,1,1,0,1,0,1,0
349.0,4.0,4.0,0,0,1,0,1,0,1,1,0,1,0,1,1,1,1,1
214.0,3.0,2.0,0,1,0,0,0,0,1,0,0,1,0,1,0,0,0,1
274.0,5.0,1.0,1,1,0,1,0,0,0,0,0,0,1,1,1,0,0,1
370.0,4.0,4.0,0,1,0,1,0,1,1,0,1,1,1,1,1,0,1,1
366.0,5.0,4.0,0,0,1,1,1,1,1,0,1,0,1,1,0,0,1,0
278.0,4.0,2.0,0,1,0,1,0,1,1,1,1,1,0,1,0,0,0,0
308.0,5.0,1.0,0,1,1,0,0,1,0,0,1,1,1,1,1,1,0,1
347.0,4.0,5.0,0,1,0,0,0,1,1,0,0,1,0,1,1,1,1,0
213.0,2.0,1.0,1,0,0,0,0,0,0,1,1,1,1,1,0,0,1,1
189.0,1.0,4.0,0,1,1,0,0,0,0,0,0,0,0,1,0,0,0,1
311.0,3.0,3.0,0,1,0,0,1,1,0,0,1,1,1,1,1,1,0,1
192.0,3.0,1.0,0,0,0,0,1,1,0,1,1,0,0,0,0,1,0,0
262.0,2.0,5.0,0,0,1,0,1,0,0,0,1,0,0,1,1,1,0,0
288.0,4.0,3.0,1,0,1,0,0,1,0,1,0,0,0,1,1,1,1,0
247.0,3.0,3.0,0,0,1,0,0,1,0,0,0,1,0,1,1,0,0,1
272.0,4.0,2.0,0,1,1,1,1,1,0,1,0,0,0,0,0,0,0,1
280.0,5.0,2.0,1,0,0,0,1,0,0,1,0,0,1,0,1,1,0,0
246.0,3.0,4.0,0,0,0,1,0,0,0,1,1,0,0,0,0,0,1,1
339.0,4.0,1.0,1,1,1,1,1,1,1,0,1,1,0,1,1,1,0,1
328.0,4.0,3.0,1,1,1,0,0,1,0,1,1,1,1,0,1,0,1,0
243.0,1.0,3.0,0,0,1,1,1,1,1,1,0,0,1,1,1,0,0,0
255.0,1.0,3.0,1,1,0,1,0,0,0,1,1,1,0,1,1,1,0,1
255.0,3.0,2.0,1,1,0,0,1,0,1,1,0,1,0,0,0,1,0,1
256.0,2.0,2.0,1,1,0,0,1,1,1,0,1,1,1,0,0,1,0,1
281.0,4.0,3.0,0,0,1,0,1,1,0,0,0,1,1,1,0,0,1,0
279.0,3.0,5.0,1,1,0,0,0,1,0,1,0,0,0,0,1,0,0,1
205.0,1.0,2.0,0,1,0,0,0,1,1,0,1,0,0,1,1,1,0,1
306.0,4.0,3.0,1,0,1,1,0,1,1,0,0,0,0,1,0,1,1,0
226.0,3.0,3.0,0,1,0,0,1,0,1,0,0,0,0,0,0,1,0,1
209.0,2.0,2.0,0,0,1,1,0,0,0,0,1,1,0,0,0,1,1,1
163.0,1.0,2.0,0,1,0,0,0,0,0,1,1,1,1,0,1,0,0,0
294.0,1.0,4.0,1,0,1,0,1,1,1,1,0,1,1,0,1,0,1,1
255.0,4.0,2.0,0,0,1,0,0,1,1,0,0,1,0,0,1,0,0,1
248.0,1.0,4.0,1,0,1,0,1,1,0,0,1,0,1,1,1,0,1,0
304.0,2.0,4.0,1,1,0,0,0,1,1,0,1,1,0,1,1,1,1,0
251.0,3.0,1.0,1,0,1,1,1,1,0,1,0,0,0,1,1,0,1,0
248.0,3.0,1.0,0,1,0,1,1,1,0,0,1,1,0,0,1,0,1,1
264.0,5.0,1.0,0,0,1,0,0,0,0,1,1,0,1,1,1,1,0,0
267.0,2.0,4.0,1,0,0,1,1,1,1,1,1,0,0,0,0,1,0,0
273.0,1.0,5.0,1,0,0,0,1,1,0,1,0,0,0,1,1,1,1,1
196.0,1.0,1.0,0,1,0,1,1,1,1,0,0,0,1,1,0,1,1,0
370.0,5.0,5.0,1,0,0,1,1,1,1,0,1,0,1,0,0,1,0,0
251.0,2.0,2.0,1,1,1,0,0,1,1,1,0,0,0,0,1,1,1,1
323.0,5.0,2.0,0,1,0,1,0,1,1,1,1,0,0,1,0,1,1,0
241.0,3.0,2.0,0,1,0,0,0,0,1,1,0,1,1,0,0,1,1,0
235.0,1.0,1.0,1,0,1,1,0,1,1,1,0,0,0,1,1,1,1,1
221.0,2.0,1.0,0,1,0,0,1,0,1,0,1,0,1,0,1,1,1,1
238.0,2.0,3.0,0,1,0,1,0,0,1,1,1,0,0,0,0,1,0,1
345.0,5.0,4.0,1,1,0,0,1,1,1,0,1,0,0,0,0,1,1,0
254.0,1.0,5.0,0,0,0,0,0,0,1,0,1,0,1,1,1,1,1,1
287.0,4.0,1.0,0,1,1,1,1,1,0,0,0,1,1,0,1,0,1,1
155.0,1.0,2.0,0,1,0,0,0,0,0,0,0,1,1,0,0,1,0,1
326.0,4.0,5.0,0,0,0,1,1,0,0,0,1,1,0,0,1,1,1,0
230.0,3.0,1.0,0,1,1,1,0,1,0,0,1,0,0,1,0,0,1,1
294.0,2.0,5.0,0,0,1,0,1,1,0,1,0,0,1,1,0,1,1,0
353.0,5.0,5.0,0,0,0,1,1,1,0,0,1,0,1,0,0,0,1,1
186.0,1.0,3.0,1,0,1,0,0,0,0,1,0,0,0,0,0,0,1,1
350.0,4.0,5.0,0,1,0,0,1,1,0,1,0,1,1,0,1,1,0,1
316.0,5.0,1.0,0,1,0,1,1,1,0,1,1,0,1,1,1,0,0,1
287.0,4.0,5.0,0,1,0,0,0,0,0,1,0,1,0,0,0,1,0,1
235.0,4.0,1.0,0,0,0,1,0,1,0,0,1,0,0,1,0,1,0,1
269.0,1.0,5.0,1,1,0,0,1,0,1,1,1,1,0,1,0,0,0,1
216.0,1.0,2.0,1,1,0,0,0,1,1,1,0,0,1,1,1,0,0,1
312.0,3.0,4.0,1,1,1,0,0,1,1,0,1,0,1,0,0,0,1,1
300.0,4.0,2.0,0,1,0,0,0,1,1,0,1,1,0,0,1,1,1,1
237.0,4.0,1.0,1,1,0,0,0,1,1,1,0,1,0,0,0,0,0,1
310.0,3.0,5.0,1,0,0,1,1,1,0,0,0,1,0,1,1,0,1,0
295.0,1.0,5.0,0,1,1,1,1,0,1,0,0,1,1,0,1,0,1,1
206.0,2.0,1.0,1,1,0,1,0,1,0,0,1,0,0,1,1,1,0,0
282.0,3.0,4.0,0,1,1,1,0,0,0,0,1,1,1,0,0,0,0,1
159.0,2.0,1.0,0,0,1,0,0,1,0,1,0,1,0,1,0,0,0,0
310.0,5.0,2.0,0,1,1,1,0,0,1,0,0,0,1,1,1,1,0,0
292.0,1.0,2.0,1,1,1,0,0,1,1,1,1,1,1,1,1,1,1,1
334.0,5.0,4.0,0,0,0,0,0,1,0,1,1,0,1,0,1,1,1,1
337.0,3.0,4.0,1,1,0,0,0,1,1,1,0,1,1,1,0,1,1,1
294.0,4.0,3.0,1,0,1,0,1,0,0,1,1,1,0,0,0,1,0,1
293.0,4.0,5.0,0,1,0,0,0,0,1,0,0,1,0,1,0,0,1,0
284.0,3.0,4.0,1,1,1,1,0,0,0,1,0,0,1,0,1,1,0,0
344.0,5.0,3.0,0,1,1,0,1,0,0,1,1,1,1,0,1,1,1,0
220.0,1.0,3.0,1,0,1,0,1,0,0,1,0,1,1,0,0,1,0,1
236.0,2.0,3.0,1,0,0,1,0,0,1,1,0,0,1,1,0,0,1,0
195.0,2.0,2.0,0,0,0,0,1,1,1,0,0,0,0,1,1,0,1,0
300.0,2.0,5.0,1,1,1,1,0,0,0,1,1,0,0,0,1,1,0,1
197.0,1.0,2.0,0,0,1,1,1,0,1,0,1,1,1,0,0,0,0,1
286.0,4.0,3.0,0,0,1,0,1,1,0,0,0,0,0,0,1,1,1,1
356.0,5.0,4.0,1,1,0,1,1,1,0,1,0,0,0,1,0,0,1,1
290.0,4.0,2.0,0,0,0,1,1,1,0,0,0,0,1,1,1,1,1,1
323.0,4.0,4.0,0,0,1,1,1,1,1,0,0,1,1,1,0,0,1,0
295.0,5.0,4.0,1,1,0,0,1,0,0,0,0,0,0,1,0,1,0,0
282.0,3.0,3.0,1,0,1,1,0,1,1,0,1,1,0,1,0,0,1,0
191.0,2.0,1.0,0,0,1,0,1,0,1,1,1,0,0,0,1,1,0,0
344.0,4.0,4.0,0,1,1,1,1,0,1,1,0,0,0,0,1,1,1,1
389.0,5.0,5.0,0,0,1,0,1,0,0,1,1,1,0,1,1,1,1,1
315.0,3.0,4.0,0,1,1,1,0,1,1,0,0,1,1,1,0,0,1,0
219.0,1.0,3.0,0,0,0,0,1,1,1,0,1,0,0,1,0,1,1,1
304.0,2.0,4.0,1,1,1,0,0,1,0,1,0,1,1,0,1,1,1,0
339.0,4.0,5.0,0,1,0,0,0,0,0,1,1,1,0,1,1,0,1,1
84.0,1.0,1.0,1,0,0,0,0,0,0,0,0,0,0,1,0,0,0,0
218.0,1.0,5.0,1,1,0,0,0,1,1,0,0,0,0,1,0,0,0,0
328.0,4.0,5.0,0,1,1,1,0,0,0,0,0,1,1,1,1,1,0,0
329.0,5.0,4.0,1,0,0,0,0,0,0,0,1,1,0,1,0,1,1,1
141.0,1.0,1.0,0,0,0,0,1,0,1,1,0,0,1,0,1,0,0,0
399.0,5.0,5.0,0,1,1,1,1,0,1,0,1,1,0,0,1,1,1,0
393.0,5.0,5.0,0,0,0,1,1,0,1,1,1,0,1,1,1,1,0,1
310.0,4.0,4.0,1,1,1,0,0,0,0,1,0,1,1,1,1,0,0,0
368.0,4.0,5.0,1,0,1,1,0,1,0,0,0,1,1,1,1,0,1,1
211.0,3.0,2.0,0,0,1,1,0,0,0,1,0,1,1,0,0,0,0,0
294.0,1.0,4.0,1,1,1,1,1,1,0,0,1,1,1,1,0,1,0,0
260.0,3.0,1.0,1,1,0,0,1,1,0,1,0,0,1,1,1,1,0,1
208.0,4.0,1.0,1,0,1,0,0,0,0,0,0,0,0,0,1,0,1,1
243.0,4.0,2.0,1,0,0,0,0,0,0,0,1,0,0,1,0,1,1,1
317.0,5.0,3.0,0,0,1,1,0,0,0,1,0,1,0,1,1,1,1,0
279.0,1.0,4.0,0,0,1,1,1,0,1,1,1,1,0,0,1,1,1,0
421.0,5.0,4.0,1,1,1,0,1,1,0,0,1,1,1,1,1,1,1,1
263.0,3.0,3.0,0,1,0,1,0,1,0,0,1,1,0,0,1,0,1,1
248.0,2.0,2.0,0,1,1,1,1,1,1,1,0,0,1,1,0,0,1,0
297.0,1.0,5.0,1,1,0,0,1,0,1,1,1,0,0,1,0,1,1,1
240.0,4.0,1.0,0,1,0,0,1,1,0,0,0,1,0,0,1,1,0,1
322.0,3.0,5.0,0,1,1,0,1,1,1,0,1,1,0,0,0,1,0,1
214.0,1.0,3.0,0,0,1,1,1,0,0,1,0,0,1,0,1,0,1,0
277.0,5.0,1.0,0,1,1,1,0,1,0,1,1,0,0,0,1,0,0,1
304.0,4.0,3.0,0,1,1,0,1,1,0,0,1,1,0,1,1,1,0,0
239.0,1.0,3.0,0,0,1,0,0,1,1,1,1,1,1,0,1,0,0,1
300.0,2.0,4.0,0,1,1,1,0,1,1,1,1,0,0,0,1,0,1,1
222.0,1.0,4.0,1,1,0,0,0,0,0,0,0,1,1,1,1,0,0,0
239.0,3.0,1.0,0,0,1,1,0,0,1,1,0,1,0,0,1,1,1,1
278.0,5.0,3.0,0,1,0,0,1,1,0,1,0,0,0,0,0,1,0,0
318.0,3.0,5.0,0,0,1,0,1,0,1,1,1,1,1,0,1,0,0,1
246.0,4.0,1.0,1,0,0,1,0,1,0,0,0,1,1,0,1,0,0,1
185.0,3.0,1.0,0,0,1,1,0,1,0,0,0,0,0,0,0,1,0,1
214.0,1.0,2.0,0,1,1,0,0,0,1,1,0,0,1,1,1,0,1,1
243.0,3.0,1.0,1,1,0,0,1,1,0,0,1,0,1,0,1,1,0,1
268.0,2.0,1.0,0,1,1,1,1,0,1,1,1,1,1,0,1,1,1,0
327.0,3.0,4.0,0,1,1,0,0,1,0,1,1,1,1,0,0,1,1,1
336.0,3.0,5.0,0,1,1,1,1,1,0,0,1,0,0,0,0,1,1,1
270.0,1.0,5.0,0,0,0,1,0,1,0,0,1,1,1,1,1,0,0,1
257.0,3.0,4.0,0,1,1,0,0,0,0,1,0,0,0,0,0,1,0,1
334.0,3.0,5.0,1,1,0,0,1,1,1,1,1,1,1,0,1,0,0,0
286.0,5.0,2.0,1,0,1,0,1,1,0,0,0,0,1,1,0,1,0,0
201.0,2.0,1.0,1,1,1,0,1,0,0,0,0,1,0,1,1,1,0,0
173.0,1.0,1.0,0,0,1,1,1,0,0,0,0,1,1,1,1,1,0,0
194.0,1.0,4.0,0,0,1,0,1,1,0,0,0,1,0,0,0,0,1,0
272.0,1.0,4.0,1,0,0,0,0,1,1,1,1,1,1,0,1,1,1,0
263.0,4.0,1.0,1,1,1,0,0,0,1,0,0,1,1,0,0,1,0,1
270.0,3.0,4.0,0,0,0,1,0,1,1,1,0,0,1,0,0,1,1,0
224.0,1.0,4.0,1,1,1,0,0,0,1,0,0,0,1,0,1,0,0,1
230.0,4.0,2.0,1,0,0,0,0,0,0,1,1,0,0,1,0,0,1,0
254.0,1.0,4.0,0,1,1,0,1,0,0,0,1,0,1,1,1,1,0,1
326.0,2.0,5.0,1,1,1,1,0,0,1,1,1,1,0,1,0,0,1,0
138.0,1.0,1.0,1,1,0,0,0,0,0,1,0,0,1,0,1,0,0,0
264.0,3.0,3.0,1,0,0,0,1,1,1,0,1,0,1,0,0,1,0,0
331.0,4.0,5.0,0,1,1,1,0,1,0,1,0,0,0,1,0,1,0,1
319.0,3.0,4.0,0,1,1,0,0,1,0,0,1,1,1,1,1,0,1,1
256.0,3.0,2.0,0,0,1,1,1,0,0,1,1,0,1,1,0,0,0,1
306.0,3.0,5.0,0,0,0,0,1,0,0,1,1,0,1,1,0,1,1,0
377.0,5.0,5.0,0,0,1,0,1,0,1,0,1,0,1,1,1,0,1,1
